... 40/280
{
  "family": "math.g1_l2.graph_table",
  "golden_dir": "/Users/koki/workspace/mongene-v2/engine_core/tests/golden/math.g1_l2.graph_table",
  "written": [
    "/Users/koki/workspace/mongene-v2/engine_core/tests/golden/math.g1_l2.graph_table/math.g1_l2.graph_table_lv1_seed1.yaml",
    "/Users/koki/workspace/mongene-v2/engine_core/tests/golden/math.g1_l2.graph_table/math.g1_l2.graph_table_lv1_seed2.yaml",
    "/Users/koki/workspace/mongene-v2/engine_core/tests/golden/math.g1_l2.graph_table/math.g1_l2.graph_table_lv1_seed3.yaml"
  ],
  "approval": "/Users/koki/workspace/mongene-v2/engine_core/tests/golden/math.g1_l2.graph_table/approval.yaml"
}
{
  "family": "math.g1_l2.knowledge",
  "golden_dir": "/Users/koki/workspace/mongene-v2/engine_core/tests/golden/math.g1_l2.knowledge",
  "written": [
    "/Users/koki/workspace/mongene-v2/engine_core/tests/golden/math.g1_l2.knowledge/math.g1_l2.knowledge_lv1_seed1.yaml",
    "/Users/koki/workspace/mongene-v2/engine_core/tests/golden/math.g1_l2.knowledge/math.g1_l2.knowledge_lv1_seed2.yaml",
    "/Users/koki/workspace/mongene-v2/engine_core/tests/golden/math.g1_l2.knowledge/math.g1_l2.knowledge_lv1_seed3.yaml",
    "/Users/koki/workspace/mongene-v2/engine_core/tests/golden/math.g1_l2.knowledge/math.g1_l2.knowledge_lv2_seed1.yaml",
    "/Users/koki/workspace/mongene-v2/engine_core/tests/golden/math.g1_l2.knowledge/math.g1_l2.knowledge_lv2_seed2.yaml",
    "/Users/koki/workspace/mongene-v2/engine_core/tests/golden/math.g1_l2.knowledge/math.g1_l2.knowledge_lv2_seed3.yaml"
  ],
  "approval": "/Users/koki/workspace/mongene-v2/engine_core/tests/golden/math.g1_l2.knowledge/approval.yaml"
}
{
  "family": "math.g1_l20.knowledge",
  "golden_dir": "/Users/koki/workspace/mongene-v2/engine_core/tests/golden/math.g1_l20.knowledge",
  "written": [
    "/Users/koki/workspace/mongene-v2/engine_core/tests/golden/math.g1_l20.knowledge/math.g1_l20.knowledge_lv1_seed1.yaml",
    "/Users/koki/workspace/mongene-v2/engine_core/tests/golden/math.g1_l20.knowledge/math.g1_l20.knowledge_lv1_seed2.yaml",
    "/Users/koki/workspace/mongene-v2/engine_core/tests/golden/math.g1_l20.knowledge/math.g1_l20.knowledge_lv1_seed3.yaml"
  ],
  "approval": "/Users/koki/workspace/mongene-v2/engine_core/tests/golden/math.g1_l20.knowledge/approval.yaml"
}
{
  "family": "math.g1_l20.word_problem",
  "golden_dir": "/Users/koki/workspace/mongene-v2/engine_core/tests/golden/math.g1_l20.word_problem",
  "written": [
    "/Users/koki/workspace/mongene-v2/engine_core/tests/golden/math.g1_l20.word_problem/math.g1_l20.word_problem_lv1_seed1.yaml",
    "/Users/koki/workspace/mongene-v2/engine_core/tests/golden/math.g1_l20.word_problem/math.g1_l20.word_problem_lv1_seed2.yaml",
    "/Users/koki/workspace/mongene-v2/engine_core/tests/golden/math.g1_l20.word_problem/math.g1_l20.word_problem_lv1_seed3.yaml",
    "/Users/koki/workspace/mongene-v2/engine_core/tests/golden/math.g1_l20.word_problem/math.g1_l20.word_problem_lv2_seed1.yaml",
    "/Users/koki/workspace/mongene-v2/engine_core/tests/golden/math.g1_l20.word_problem/math.g1_l20.word_problem_lv2_seed2.yaml",
    "/Users/koki/workspace/mongene-v2/engine_core/tests/golden/math.g1_l20.word_problem/math.g1_l20.word_problem_lv2_seed3.yaml"
  ],
  "approval": "/Users/koki/workspace/mongene-v2/engine_core/tests/golden/math.g1_l20.word_problem/approval.yaml"
}
{
  "family": "math.g1_l25.word_problem",
  "golden_dir": "/Users/koki/workspace/mongene-v2/engine_core/tests/golden/math.g1_l25.word_problem",
  "written": [
    "/Users/koki/workspace/mongene-v2/engine_core/tests/golden/math.g1_l25.word_problem/math.g1_l25.word_problem_lv2_seed1.yaml",
    "/Users/koki/workspace/mongene-v2/engine_core/tests/golden/math.g1_l25.word_problem/math.g1_l25.word_problem_lv2_seed2.yaml",
    "/Users/koki/workspace/mongene-v2/engine_core/tests/golden/math.g1_l25.word_problem/math.g1_l25.word_problem_lv2_seed3.yaml",
    "/Users/koki/workspace/mongene-v2/engine_core/tests/golden/math.g1_l25.word_problem/math.g1_l25.word_problem_lv3_seed1.yaml",
    "/Users/koki/workspace/mongene-v2/engine_core/tests/golden/math.g1_l25.word_problem/math.g1_l25.word_problem_lv3_seed2.yaml",
    "/Users/koki/workspace/mongene-v2/engine_core/tests/golden/math.g1_l25.word_problem/math.g1_l25.word_problem_lv3_seed3.yaml"
  ],
  "approval": "/Users/koki/workspace/mongene-v2/engine_core/tests/golden/math.g1_l25.word_problem/approval.yaml"
}
{
  "family": "math.g1_l26.calculation",
  "golden_dir": "/Users/koki/workspace/mongene-v2/engine_core/tests/golden/math.g1_l26.calculation",
  "written": [
    "/Users/koki/workspace/mongene-v2/engine_core/tests/golden/math.g1_l26.calculation/math.g1_l26.calculation_lv1_seed1.yaml",
    "/Users/koki/workspace/mongene-v2/engine_core/tests/golden/math.g1_l26.calculation/math.g1_l26.calculation_lv1_seed2.yaml",
    "/Users/koki/workspace/mongene-v2/engine_core/tests/golden/math.g1_l26.calculation/math.g1_l26.calculation_lv1_seed3.yaml"
  ],
  "approval": "/Users/koki/workspace/mongene-v2/engine_core/tests/golden/math.g1_l26.calculation/approval.yaml"
}
{
  "family": "math.g1_l26.word_problem",
  "golden_dir": "/Users/koki/workspace/mongene-v2/engine_core/tests/golden/math.g1_l26.word_problem",
  "written": [
    "/Users/koki/workspace/mongene-v2/engine_core/tests/golden/math.g1_l26.word_problem/math.g1_l26.word_problem_lv2_seed1.yaml",
    "/Users/koki/workspace/mongene-v2/engine_core/tests/golden/math.g1_l26.word_problem/math.g1_l26.word_problem_lv2_seed2.yaml",
    "/Users/koki/workspace/mongene-v2/engine_core/tests/golden/math.g1_l26.word_problem/math.g1_l26.word_problem_lv2_seed3.yaml",
    "/Users/koki/workspace/mongene-v2/engine_core/tests/golden/math.g1_l26.word_problem/math.g1_l26.word_problem_lv3_seed1.yaml",
    "/Users/koki/workspace/mongene-v2/engine_core/tests/golden/math.g1_l26.word_problem/math.g1_l26.word_problem_lv3_seed2.yaml",
    "/Users/koki/workspace/mongene-v2/engine_core/tests/golden/math.g1_l26.word_problem/math.g1_l26.word_problem_lv3_seed3.yaml"
  ],
  "approval": "/Users/koki/workspace/mongene-v2/engine_core/tests/golden/math.g1_l26.word_problem/approval.yaml"
}
{
  "family": "math.g1_l27.calculation",
  "golden_dir": "/Users/koki/workspace/mongene-v2/engine_core/tests/golden/math.g1_l27.calculation",
  "written": [
    "/Users/koki/workspace/mongene-v2/engine_core/tests/golden/math.g1_l27.calculation/math.g1_l27.calculation_lv2_seed1.yaml",
    "/Users/koki/workspace/mongene-v2/engine_core/tests/golden/math.g1_l27.calculation/math.g1_l27.calculation_lv2_seed2.yaml",
    "/Users/koki/workspace/mongene-v2/engine_core/tests/golden/math.g1_l27.calculation/math.g1_l27.calculation_lv2_seed3.yaml"
  ],
  "approval": "/Users/koki/workspace/mongene-v2/engine_core/tests/golden/math.g1_l27.calculation/approval.yaml"
}
{
  "family": "math.g1_l39.knowledge",
  "golden_dir": "/Users/koki/workspace/mongene-v2/engine_core/tests/golden/math.g1_l39.knowledge",
  "written": [
    "/Users/koki/workspace/mongene-v2/engine_core/tests/golden/math.g1_l39.knowledge/math.g1_l39.knowledge_lv1_seed1.yaml",
    "/Users/koki/workspace/mongene-v2/engine_core/tests/golden/math.g1_l39.knowledge/math.g1_l39.knowledge_lv1_seed2.yaml",
    "/Users/koki/workspace/mongene-v2/engine_core/tests/golden/math.g1_l39.knowledge/math.g1_l39.knowledge_lv1_seed3.yaml"
  ],
  "approval": "/Users/koki/workspace/mongene-v2/engine_core/tests/golden/math.g1_l39.knowledge/approval.yaml"
}
{
  "family": "math.g1_l4.calculation",
  "golden_dir": "/Users/koki/workspace/mongene-v2/engine_core/tests/golden/math.g1_l4.calculation",
  "written": [
    "/Users/koki/workspace/mongene-v2/engine_core/tests/golden/math.g1_l4.calculation/math.g1_l4.calculation_lv1_seed1.yaml",
    "/Users/koki/workspace/mongene-v2/engine_core/tests/golden/math.g1_l4.calculation/math.g1_l4.calculation_lv1_seed2.yaml",
    "/Users/koki/workspace/mongene-v2/engine_core/tests/golden/math.g1_l4.calculation/math.g1_l4.calculation_lv1_seed3.yaml",
    "/Users/koki/workspace/mongene-v2/engine_core/tests/golden/math.g1_l4.calculation/math.g1_l4.calculation_lv2_seed1.yaml",
    "/Users/koki/workspace/mongene-v2/engine_core/tests/golden/math.g1_l4.calculation/math.g1_l4.calculation_lv2_seed2.yaml",
    "/Users/koki/workspace/mongene-v2/engine_core/tests/golden/math.g1_l4.calculation/math.g1_l4.calculation_lv2_seed3.yaml"
  ],
  "approval": "/Users/koki/workspace/mongene-v2/engine_core/tests/golden/math.g1_l4.calculation/approval.yaml"
}{
  "family": "math.exam_l5.calculation",
  "golden_dir": "/Users/koki/workspace/mongene-v2/engine_core/tests/golden/math.exam_l5.calculation",
  "written": [
    "/Users/koki/workspace/mongene-v2/engine_core/tests/golden/math.exam_l5.calculation/math.exam_l5.calculation_lv2_seed1.yaml",
    "/Users/koki/workspace/mongene-v2/engine_core/tests/golden/math.exam_l5.calculation/math.exam_l5.calculation_lv2_seed2.yaml",
    "/Users/koki/workspace/mongene-v2/engine_core/tests/golden/math.exam_l5.calculation/math.exam_l5.calculation_lv2_seed3.yaml"
  ],
  "approval": "/Users/koki/workspace/mongene-v2/engine_core/tests/golden/math.exam_l5.calculation/approval.yaml"
}
{
  "family": "math.exam_l7.calculation",
  "golden_dir": "/Users/koki/workspace/mongene-v2/engine_core/tests/golden/math.exam_l7.calculation",
  "written": [
    "/Users/koki/workspace/mongene-v2/engine_core/tests/golden/math.exam_l7.calculation/math.exam_l7.calculation_lv2_seed1.yaml",
    "/Users/koki/workspace/mongene-v2/engine_core/tests/golden/math.exam_l7.calculation/math.exam_l7.calculation_lv2_seed2.yaml",
    "/Users/koki/workspace/mongene-v2/engine_core/tests/golden/math.exam_l7.calculation/math.exam_l7.calculation_lv2_seed3.yaml"
  ],
  "approval": "/Users/koki/workspace/mongene-v2/engine_core/tests/golden/math.exam_l7.calculation/approval.yaml"
}
{
  "family": "math.exam_l7.find_value",
  "golden_dir": "/Users/koki/workspace/mongene-v2/engine_core/tests/golden/math.exam_l7.find_value",
  "written": [
    "/Users/koki/workspace/mongene-v2/engine_core/tests/golden/math.exam_l7.find_value/math.exam_l7.find_value_lv3_seed1.yaml",
    "/Users/koki/workspace/mongene-v2/engine_core/tests/golden/math.exam_l7.find_value/math.exam_l7.find_value_lv3_seed2.yaml",
    "/Users/koki/workspace/mongene-v2/engine_core/tests/golden/math.exam_l7.find_value/math.exam_l7.find_value_lv3_seed3.yaml"
  ],
  "approval": "/Users/koki/workspace/mongene-v2/engine_core/tests/golden/math.exam_l7.find_value/approval.yaml"
}
{
  "family": "math.g1_l1.knowledge",
  "golden_dir": "/Users/koki/workspace/mongene-v2/engine_core/tests/golden/math.g1_l1.knowledge",
  "written": [
    "/Users/koki/workspace/mongene-v2/engine_core/tests/golden/math.g1_l1.knowledge/math.g1_l1.knowledge_lv1_seed1.yaml",
    "/Users/koki/workspace/mongene-v2/engine_core/tests/golden/math.g1_l1.knowledge/math.g1_l1.knowledge_lv1_seed2.yaml",
    "/Users/koki/workspace/mongene-v2/engine_core/tests/golden/math.g1_l1.knowledge/math.g1_l1.knowledge_lv1_seed3.yaml",
    "/Users/koki/workspace/mongene-v2/engine_core/tests/golden/math.g1_l1.knowledge/math.g1_l1.knowledge_lv2_seed1.yaml",
    "/Users/koki/workspace/mongene-v2/engine_core/tests/golden/math.g1_l1.knowledge/math.g1_l1.knowledge_lv2_seed2.yaml",
    "/Users/koki/workspace/mongene-v2/engine_core/tests/golden/math.g1_l1.knowledge/math.g1_l1.knowledge_lv2_seed3.yaml"
  ],
  "approval": "/Users/koki/workspace/mongene-v2/engine_core/tests/golden/math.g1_l1.knowledge/approval.yaml"
}
{
  "family": "math.g1_l23.calculation",
  "golden_dir": "/Users/koki/workspace/mongene-v2/engine_core/tests/golden/math.g1_l23.calculation",
  "written": [
    "/Users/koki/workspace/mongene-v2/engine_core/tests/golden/math.g1_l23.calculation/math.g1_l23.calculation_lv2_seed1.yaml",
    "/Users/koki/workspace/mongene-v2/engine_core/tests/golden/math.g1_l23.calculation/math.g1_l23.calculation_lv2_seed2.yaml",
    "/Users/koki/workspace/mongene-v2/engine_core/tests/golden/math.g1_l23.calculation/math.g1_l23.calculation_lv2_seed3.yaml",
    "/Users/koki/workspace/mongene-v2/engine_core/tests/golden/math.g1_l23.calculation/math.g1_l23.calculation_lv3_seed1.yaml",
    "/Users/koki/workspace/mongene-v2/engine_core/tests/golden/math.g1_l23.calculation/math.g1_l23.calculation_lv3_seed2.yaml",
    "/Users/koki/workspace/mongene-v2/engine_core/tests/golden/math.g1_l23.calculation/math.g1_l23.calculation_lv3_seed3.yaml"
  ],
  "approval": "/Users/koki/workspace/mongene-v2/engine_core/tests/golden/math.g1_l23.calculation/approval.yaml"
}
{
  "family": "math.g1_l24.calculation",
  "golden_dir": "/Users/koki/workspace/mongene-v2/engine_core/tests/golden/math.g1_l24.calculation",
  "written": [
    "/Users/koki/workspace/mongene-v2/engine_core/tests/golden/math.g1_l24.calculation/math.g1_l24.calculation_lv1_seed1.yaml",
    "/Users/koki/workspace/mongene-v2/engine_core/tests/golden/math.g1_l24.calculation/math.g1_l24.calculation_lv1_seed2.yaml",
    "/Users/koki/workspace/mongene-v2/engine_core/tests/golden/math.g1_l24.calculation/math.g1_l24.calculation_lv1_seed3.yaml",
    "/Users/koki/workspace/mongene-v2/engine_core/tests/golden/math.g1_l24.calculation/math.g1_l24.calculation_lv2_seed1.yaml",
    "/Users/koki/workspace/mongene-v2/engine_core/tests/golden/math.g1_l24.calculation/math.g1_l24.calculation_lv2_seed2.yaml",
    "/Users/koki/workspace/mongene-v2/engine_core/tests/golden/math.g1_l24.calculation/math.g1_l24.calculation_lv2_seed3.yaml"
  ],
  "approval": "/Users/koki/workspace/mongene-v2/engine_core/tests/golden/math.g1_l24.calculation/approval.yaml"
}
{
  "family": "math.g1_l24.word_problem",
  "golden_dir": "/Users/koki/workspace/mongene-v2/engine_core/tests/golden/math.g1_l24.word_problem",
  "written": [
    "/Users/koki/workspace/mongene-v2/engine_core/tests/golden/math.g1_l24.word_problem/math.g1_l24.word_problem_lv2_seed1.yaml",
    "/Users/koki/workspace/mongene-v2/engine_core/tests/golden/math.g1_l24.word_problem/math.g1_l24.word_problem_lv2_seed2.yaml",
    "/Users/koki/workspace/mongene-v2/engine_core/tests/golden/math.g1_l24.word_problem/math.g1_l24.word_problem_lv2_seed3.yaml",
    "/Users/koki/workspace/mongene-v2/engine_core/tests/golden/math.g1_l24.word_problem/math.g1_l24.word_problem_lv3_seed1.yaml",
    "/Users/koki/workspace/mongene-v2/engine_core/tests/golden/math.g1_l24.word_problem/math.g1_l24.word_problem_lv3_seed2.yaml",
    "/Users/koki/workspace/mongene-v2/engine_core/tests/golden/math.g1_l24.word_problem/math.g1_l24.word_problem_lv3_seed3.yaml"
  ],
  "approval": "/Users/koki/workspace/mongene-v2/engine_core/tests/golden/math.g1_l24.word_problem/approval.yaml"
}
{
  "family": "math.g1_l25.calculation",
  "golden_dir": "/Users/koki/workspace/mongene-v2/engine_core/tests/golden/math.g1_l25.calculation",
  "written": [
    "/Users/koki/workspace/mongene-v2/engine_core/tests/golden/math.g1_l25.calculation/math.g1_l25.calculation_lv1_seed1.yaml",
    "/Users/koki/workspace/mongene-v2/engine_core/tests/golden/math.g1_l25.calculation/math.g1_l25.calculation_lv1_seed2.yaml",
    "/Users/koki/workspace/mongene-v2/engine_core/tests/golden/math.g1_l25.calculation/math.g1_l25.calculation_lv1_seed3.yaml"
  ],
  "approval": "/Users/koki/workspace/mongene-v2/engine_core/tests/golden/math.g1_l25.calculation/approval.yaml"
}
{
  "family": "math.g1_l40.knowledge",
  "golden_dir": "/Users/koki/workspace/mongene-v2/engine_core/tests/golden/math.g1_l40.knowledge",
  "written": [
    "/Users/koki/workspace/mongene-v2/engine_core/tests/golden/math.g1_l40.knowledge/math.g1_l40.knowledge_lv1_seed1.yaml",
    "/Users/koki/workspace/mongene-v2/engine_core/tests/golden/math.g1_l40.knowledge/math.g1_l40.knowledge_lv1_seed2.yaml",
    "/Users/koki/workspace/mongene-v2/engine_core/tests/golden/math.g1_l40.knowledge/math.g1_l40.knowledge_lv1_seed3.yaml"
  ],
  "approval": "/Users/koki/workspace/mongene-v2/engine_core/tests/golden/math.g1_l40.knowledge/approval.yaml"
}
{
  "family": "math.g1_l41.knowledge",
  "golden_dir": "/Users/koki/workspace/mongene-v2/engine_core/tests/golden/math.g1_l41.knowledge",
  "written": [
    "/Users/koki/workspace/mongene-v2/engine_core/tests/golden/math.g1_l41.knowledge/math.g1_l41.knowledge_lv1_seed1.yaml",
    "/Users/koki/workspace/mongene-v2/engine_core/tests/golden/math.g1_l41.knowledge/math.g1_l41.knowledge_lv1_seed2.yaml",
    "/Users/koki/workspace/mongene-v2/engine_core/tests/golden/math.g1_l41.knowledge/math.g1_l41.knowledge_lv1_seed3.yaml"
  ],
  "approval": "/Users/koki/workspace/mongene-v2/engine_core/tests/golden/math.g1_l41.knowledge/approval.yaml"
}
{
  "family": "math.g1_l42.knowledge",
  "golden_dir": "/Users/koki/workspace/mongene-v2/engine_core/tests/golden/math.g1_l42.knowledge",
  "written": [
    "/Users/koki/workspace/mongene-v2/engine_core/tests/golden/math.g1_l42.knowledge/math.g1_l42.knowledge_lv1_seed1.yaml",
    "/Users/koki/workspace/mongene-v2/engine_core/tests/golden/math.g1_l42.knowledge/math.g1_l42.knowledge_lv1_seed2.yaml",
    "/Users/koki/workspace/mongene-v2/engine_core/tests/golden/math.g1_l42.knowledge/math.g1_l42.knowledge_lv1_seed3.yaml"
  ],
  "approval": "/Users/koki/workspace/mongene-v2/engine_core/tests/golden/math.g1_l42.knowledge/approval.yaml"
}{
  "family": "math.g1_l15.word_problem",
  "golden_dir": "/Users/koki/workspace/mongene-v2/engine_core/tests/golden/math.g1_l15.word_problem",
  "written": [
    "/Users/koki/workspace/mongene-v2/engine_core/tests/golden/math.g1_l15.word_problem/math.g1_l15.word_problem_lv1_seed1.yaml",
    "/Users/koki/workspace/mongene-v2/engine_core/tests/golden/math.g1_l15.word_problem/math.g1_l15.word_problem_lv1_seed2.yaml",
    "/Users/koki/workspace/mongene-v2/engine_core/tests/golden/math.g1_l15.word_problem/math.g1_l15.word_problem_lv1_seed3.yaml",
    "/Users/koki/workspace/mongene-v2/engine_core/tests/golden/math.g1_l15.word_problem/math.g1_l15.word_problem_lv2_seed1.yaml",
    "/Users/koki/workspace/mongene-v2/engine_core/tests/golden/math.g1_l15.word_problem/math.g1_l15.word_problem_lv2_seed2.yaml",
    "/Users/koki/workspace/mongene-v2/engine_core/tests/golden/math.g1_l15.word_problem/math.g1_l15.word_problem_lv2_seed3.yaml",
    "/Users/koki/workspace/mongene-v2/engine_core/tests/golden/math.g1_l15.word_problem/math.g1_l15.word_problem_lv3_seed1.yaml",
    "/Users/koki/workspace/mongene-v2/engine_core/tests/golden/math.g1_l15.word_problem/math.g1_l15.word_problem_lv3_seed2.yaml",
    "/Users/koki/workspace/mongene-v2/engine_core/tests/golden/math.g1_l15.word_problem/math.g1_l15.word_problem_lv3_seed3.yaml"
  ],
  "approval": "/Users/koki/workspace/mongene-v2/engine_core/tests/golden/math.g1_l15.word_problem/approval.yaml"
}
{
  "family": "math.g1_l16.calculation",
  "golden_dir": "/Users/koki/workspace/mongene-v2/engine_core/tests/golden/math.g1_l16.calculation",
  "written": [
    "/Users/koki/workspace/mongene-v2/engine_core/tests/golden/math.g1_l16.calculation/math.g1_l16.calculation_lv1_seed1.yaml",
    "/Users/koki/workspace/mongene-v2/engine_core/tests/golden/math.g1_l16.calculation/math.g1_l16.calculation_lv1_seed2.yaml",
    "/Users/koki/workspace/mongene-v2/engine_core/tests/golden/math.g1_l16.calculation/math.g1_l16.calculation_lv1_seed3.yaml",
    "/Users/koki/workspace/mongene-v2/engine_core/tests/golden/math.g1_l16.calculation/math.g1_l16.calculation_lv2_seed1.yaml",
    "/Users/koki/workspace/mongene-v2/engine_core/tests/golden/math.g1_l16.calculation/math.g1_l16.calculation_lv2_seed2.yaml",
    "/Users/koki/workspace/mongene-v2/engine_core/tests/golden/math.g1_l16.calculation/math.g1_l16.calculation_lv2_seed3.yaml"
  ],
  "approval": "/Users/koki/workspace/mongene-v2/engine_core/tests/golden/math.g1_l16.calculation/approval.yaml"
}
{
  "family": "math.g1_l17.calculation",
  "golden_dir": "/Users/koki/workspace/mongene-v2/engine_core/tests/golden/math.g1_l17.calculation",
  "written": [
    "/Users/koki/workspace/mongene-v2/engine_core/tests/golden/math.g1_l17.calculation/math.g1_l17.calculation_lv1_seed1.yaml",
    "/Users/koki/workspace/mongene-v2/engine_core/tests/golden/math.g1_l17.calculation/math.g1_l17.calculation_lv1_seed2.yaml",
    "/Users/koki/workspace/mongene-v2/engine_core/tests/golden/math.g1_l17.calculation/math.g1_l17.calculation_lv1_seed3.yaml",
    "/Users/koki/workspace/mongene-v2/engine_core/tests/golden/math.g1_l17.calculation/math.g1_l17.calculation_lv2_seed1.yaml",
    "/Users/koki/workspace/mongene-v2/engine_core/tests/golden/math.g1_l17.calculation/math.g1_l17.calculation_lv2_seed2.yaml",
    "/Users/koki/workspace/mongene-v2/engine_core/tests/golden/math.g1_l17.calculation/math.g1_l17.calculation_lv2_seed3.yaml"
  ],
  "approval": "/Users/koki/workspace/mongene-v2/engine_core/tests/golden/math.g1_l17.calculation/approval.yaml"
}
{
  "family": "math.g1_l17.knowledge",
  "golden_dir": "/Users/koki/workspace/mongene-v2/engine_core/tests/golden/math.g1_l17.knowledge",
  "written": [
    "/Users/koki/workspace/mongene-v2/engine_core/tests/golden/math.g1_l17.knowledge/math.g1_l17.knowledge_lv1_seed1.yaml",
    "/Users/koki/workspace/mongene-v2/engine_core/tests/golden/math.g1_l17.knowledge/math.g1_l17.knowledge_lv1_seed2.yaml",
    "/Users/koki/workspace/mongene-v2/engine_core/tests/golden/math.g1_l17.knowledge/math.g1_l17.knowledge_lv1_seed3.yaml"
  ],
  "approval": "/Users/koki/workspace/mongene-v2/engine_core/tests/golden/math.g1_l17.knowledge/approval.yaml"
}
{
  "family": "math.g1_l33.word_problem",
  "golden_dir": "/Users/koki/workspace/mongene-v2/engine_core/tests/golden/math.g1_l33.word_problem",
  "written": [
    "/Users/koki/workspace/mongene-v2/engine_core/tests/golden/math.g1_l33.word_problem/math.g1_l33.word_problem_lv2_seed1.yaml",
    "/Users/koki/workspace/mongene-v2/engine_core/tests/golden/math.g1_l33.word_problem/math.g1_l33.word_problem_lv2_seed2.yaml",
    "/Users/koki/workspace/mongene-v2/engine_core/tests/golden/math.g1_l33.word_problem/math.g1_l33.word_problem_lv2_seed3.yaml",
    "/Users/koki/workspace/mongene-v2/engine_core/tests/golden/math.g1_l33.word_problem/math.g1_l33.word_problem_lv3_seed1.yaml",
    "/Users/koki/workspace/mongene-v2/engine_core/tests/golden/math.g1_l33.word_problem/math.g1_l33.word_problem_lv3_seed2.yaml",
    "/Users/koki/workspace/mongene-v2/engine_core/tests/golden/math.g1_l33.word_problem/math.g1_l33.word_problem_lv3_seed3.yaml"
  ],
  "approval": "/Users/koki/workspace/mongene-v2/engine_core/tests/golden/math.g1_l33.word_problem/approval.yaml"
}
{
  "family": "math.g1_l34.knowledge",
  "golden_dir": "/Users/koki/workspace/mongene-v2/engine_core/tests/golden/math.g1_l34.knowledge",
  "written": [
    "/Users/koki/workspace/mongene-v2/engine_core/tests/golden/math.g1_l34.knowledge/math.g1_l34.knowledge_lv1_seed1.yaml",
    "/Users/koki/workspace/mongene-v2/engine_core/tests/golden/math.g1_l34.knowledge/math.g1_l34.knowledge_lv1_seed2.yaml",
    "/Users/koki/workspace/mongene-v2/engine_core/tests/golden/math.g1_l34.knowledge/math.g1_l34.knowledge_lv1_seed3.yaml"
  ],
  "approval": "/Users/koki/workspace/mongene-v2/engine_core/tests/golden/math.g1_l34.knowledge/approval.yaml"
}
{
  "family": "math.g1_l35.find_value",
  "golden_dir": "/Users/koki/workspace/mongene-v2/engine_core/tests/golden/math.g1_l35.find_value",
  "written": [
    "/Users/koki/workspace/mongene-v2/engine_core/tests/golden/math.g1_l35.find_value/math.g1_l35.find_value_lv1_seed1.yaml",
    "/Users/koki/workspace/mongene-v2/engine_core/tests/golden/math.g1_l35.find_value/math.g1_l35.find_value_lv1_seed2.yaml",
    "/Users/koki/workspace/mongene-v2/engine_core/tests/golden/math.g1_l35.find_value/math.g1_l35.find_value_lv1_seed3.yaml",
    "/Users/koki/workspace/mongene-v2/engine_core/tests/golden/math.g1_l35.find_value/math.g1_l35.find_value_lv2_seed1.yaml",
    "/Users/koki/workspace/mongene-v2/engine_core/tests/golden/math.g1_l35.find_value/math.g1_l35.find_value_lv2_seed2.yaml",
    "/Users/koki/workspace/mongene-v2/engine_core/tests/golden/math.g1_l35.find_value/math.g1_l35.find_value_lv2_seed3.yaml"
  ],
  "approval": "/Users/koki/workspace/mongene-v2/engine_core/tests/golden/math.g1_l35.find_value/approval.yaml"
}
{
  "family": "math.g1_l36.word_problem",
  "golden_dir": "/Users/koki/workspace/mongene-v2/engine_core/tests/golden/math.g1_l36.word_problem",
  "written": [
    "/Users/koki/workspace/mongene-v2/engine_core/tests/golden/math.g1_l36.word_problem/math.g1_l36.word_problem_lv2_seed1.yaml",
    "/Users/koki/workspace/mongene-v2/engine_core/tests/golden/math.g1_l36.word_problem/math.g1_l36.word_problem_lv2_seed2.yaml",
    "/Users/koki/workspace/mongene-v2/engine_core/tests/golden/math.g1_l36.word_problem/math.g1_l36.word_problem_lv2_seed3.yaml",
    "/Users/koki/workspace/mongene-v2/engine_core/tests/golden/math.g1_l36.word_problem/math.g1_l36.word_problem_lv3_seed1.yaml",
    "/Users/koki/workspace/mongene-v2/engine_core/tests/golden/math.g1_l36.word_problem/math.g1_l36.word_problem_lv3_seed2.yaml",
    "/Users/koki/workspace/mongene-v2/engine_core/tests/golden/math.g1_l36.word_problem/math.g1_l36.word_problem_lv3_seed3.yaml",
    "/Users/koki/workspace/mongene-v2/engine_core/tests/golden/math.g1_l36.word_problem/math.g1_l36.word_problem_lv4_seed1.yaml",
    "/Users/koki/workspace/mongene-v2/engine_core/tests/golden/math.g1_l36.word_problem/math.g1_l36.word_problem_lv4_seed2.yaml",
    "/Users/koki/workspace/mongene-v2/engine_core/tests/golden/math.g1_l36.word_problem/math.g1_l36.word_problem_lv4_seed3.yaml"
  ],
  "approval": "/Users/koki/workspace/mongene-v2/engine_core/tests/golden/math.g1_l36.word_problem/approval.yaml"
}{
  "family": "math.g1_l18.calculation",
  "golden_dir": "/Users/koki/workspace/mongene-v2/engine_core/tests/golden/math.g1_l18.calculation",
  "written": [
    "/Users/koki/workspace/mongene-v2/engine_core/tests/golden/math.g1_l18.calculation/math.g1_l18.calculation_lv1_seed1.yaml",
    "/Users/koki/workspace/mongene-v2/engine_core/tests/golden/math.g1_l18.calculation/math.g1_l18.calculation_lv1_seed2.yaml",
    "/Users/koki/workspace/mongene-v2/engine_core/tests/golden/math.g1_l18.calculation/math.g1_l18.calculation_lv1_seed3.yaml",
    "/Users/koki/workspace/mongene-v2/engine_core/tests/golden/math.g1_l18.calculation/math.g1_l18.calculation_lv2_seed1.yaml",
    "/Users/koki/workspace/mongene-v2/engine_core/tests/golden/math.g1_l18.calculation/math.g1_l18.calculation_lv2_seed2.yaml",
    "/Users/koki/workspace/mongene-v2/engine_core/tests/golden/math.g1_l18.calculation/math.g1_l18.calculation_lv2_seed3.yaml"
  ],
  "approval": "/Users/koki/workspace/mongene-v2/engine_core/tests/golden/math.g1_l18.calculation/approval.yaml"
}
{
  "family": "math.g1_l19.knowledge",
  "golden_dir": "/Users/koki/workspace/mongene-v2/engine_core/tests/golden/math.g1_l19.knowledge",
  "written": [
    "/Users/koki/workspace/mongene-v2/engine_core/tests/golden/math.g1_l19.knowledge/math.g1_l19.knowledge_lv1_seed1.yaml",
    "/Users/koki/workspace/mongene-v2/engine_core/tests/golden/math.g1_l19.knowledge/math.g1_l19.knowledge_lv1_seed2.yaml",
    "/Users/koki/workspace/mongene-v2/engine_core/tests/golden/math.g1_l19.knowledge/math.g1_l19.knowledge_lv1_seed3.yaml"
  ],
  "approval": "/Users/koki/workspace/mongene-v2/engine_core/tests/golden/math.g1_l19.knowledge/approval.yaml"
}
{
  "family": "math.g1_l19.word_problem",
  "golden_dir": "/Users/koki/workspace/mongene-v2/engine_core/tests/golden/math.g1_l19.word_problem",
  "written": [
    "/Users/koki/workspace/mongene-v2/engine_core/tests/golden/math.g1_l19.word_problem/math.g1_l19.word_problem_lv1_seed1.yaml",
    "/Users/koki/workspace/mongene-v2/engine_core/tests/golden/math.g1_l19.word_problem/math.g1_l19.word_problem_lv1_seed2.yaml",
    "/Users/koki/workspace/mongene-v2/engine_core/tests/golden/math.g1_l19.word_problem/math.g1_l19.word_problem_lv1_seed3.yaml",
    "/Users/koki/workspace/mongene-v2/engine_core/tests/golden/math.g1_l19.word_problem/math.g1_l19.word_problem_lv2_seed1.yaml",
    "/Users/koki/workspace/mongene-v2/engine_core/tests/golden/math.g1_l19.word_problem/math.g1_l19.word_problem_lv2_seed2.yaml",
    "/Users/koki/workspace/mongene-v2/engine_core/tests/golden/math.g1_l19.word_problem/math.g1_l19.word_problem_lv2_seed3.yaml"
  ],
  "approval": "/Users/koki/workspace/mongene-v2/engine_core/tests/golden/math.g1_l19.word_problem/approval.yaml"
}
{
  "family": "math.g1_l2.calculation",
  "golden_dir": "/Users/koki/workspace/mongene-v2/engine_core/tests/golden/math.g1_l2.calculation",
  "written": [
    "/Users/koki/workspace/mongene-v2/engine_core/tests/golden/math.g1_l2.calculation/math.g1_l2.calculation_lv1_seed1.yaml",
    "/Users/koki/workspace/mongene-v2/engine_core/tests/golden/math.g1_l2.calculation/math.g1_l2.calculation_lv1_seed2.yaml",
    "/Users/koki/workspace/mongene-v2/engine_core/tests/golden/math.g1_l2.calculation/math.g1_l2.calculation_lv1_seed3.yaml",
    "/Users/koki/workspace/mongene-v2/engine_core/tests/golden/math.g1_l2.calculation/math.g1_l2.calculation_lv2_seed1.yaml",
    "/Users/koki/workspace/mongene-v2/engine_core/tests/golden/math.g1_l2.calculation/math.g1_l2.calculation_lv2_seed2.yaml",
    "/Users/koki/workspace/mongene-v2/engine_core/tests/golden/math.g1_l2.calculation/math.g1_l2.calculation_lv2_seed3.yaml"
  ],
  "approval": "/Users/koki/workspace/mongene-v2/engine_core/tests/golden/math.g1_l2.calculation/approval.yaml"
}
{
  "family": "math.g1_l31.knowledge",
  "golden_dir": "/Users/koki/workspace/mongene-v2/engine_core/tests/golden/math.g1_l31.knowledge",
  "written": [
    "/Users/koki/workspace/mongene-v2/engine_core/tests/golden/math.g1_l31.knowledge/math.g1_l31.knowledge_lv1_seed1.yaml",
    "/Users/koki/workspace/mongene-v2/engine_core/tests/golden/math.g1_l31.knowledge/math.g1_l31.knowledge_lv1_seed2.yaml",
    "/Users/koki/workspace/mongene-v2/engine_core/tests/golden/math.g1_l31.knowledge/math.g1_l31.knowledge_lv1_seed3.yaml"
  ],
  "approval": "/Users/koki/workspace/mongene-v2/engine_core/tests/golden/math.g1_l31.knowledge/approval.yaml"
}
{
  "family": "math.g1_l32.find_value",
  "golden_dir": "/Users/koki/workspace/mongene-v2/engine_core/tests/golden/math.g1_l32.find_value",
  "written": [
    "/Users/koki/workspace/mongene-v2/engine_core/tests/golden/math.g1_l32.find_value/math.g1_l32.find_value_lv1_seed1.yaml",
    "/Users/koki/workspace/mongene-v2/engine_core/tests/golden/math.g1_l32.find_value/math.g1_l32.find_value_lv1_seed2.yaml",
    "/Users/koki/workspace/mongene-v2/engine_core/tests/golden/math.g1_l32.find_value/math.g1_l32.find_value_lv1_seed3.yaml",
    "/Users/koki/workspace/mongene-v2/engine_core/tests/golden/math.g1_l32.find_value/math.g1_l32.find_value_lv2_seed1.yaml",
    "/Users/koki/workspace/mongene-v2/engine_core/tests/golden/math.g1_l32.find_value/math.g1_l32.find_value_lv2_seed2.yaml",
    "/Users/koki/workspace/mongene-v2/engine_core/tests/golden/math.g1_l32.find_value/math.g1_l32.find_value_lv2_seed3.yaml"
  ],
  "approval": "/Users/koki/workspace/mongene-v2/engine_core/tests/golden/math.g1_l32.find_value/approval.yaml"
}
{
  "family": "math.g1_l33.calculation",
  "golden_dir": "/Users/koki/workspace/mongene-v2/engine_core/tests/golden/math.g1_l33.calculation",
  "written": [
    "/Users/koki/workspace/mongene-v2/engine_core/tests/golden/math.g1_l33.calculation/math.g1_l33.calculation_lv1_seed1.yaml",
    "/Users/koki/workspace/mongene-v2/engine_core/tests/golden/math.g1_l33.calculation/math.g1_l33.calculation_lv1_seed2.yaml",
    "/Users/koki/workspace/mongene-v2/engine_core/tests/golden/math.g1_l33.calculation/math.g1_l33.calculation_lv1_seed3.yaml",
    "/Users/koki/workspace/mongene-v2/engine_core/tests/golden/math.g1_l33.calculation/math.g1_l33.calculation_lv2_seed1.yaml",
    "/Users/koki/workspace/mongene-v2/engine_core/tests/golden/math.g1_l33.calculation/math.g1_l33.calculation_lv2_seed2.yaml",
    "/Users/koki/workspace/mongene-v2/engine_core/tests/golden/math.g1_l33.calculation/math.g1_l33.calculation_lv2_seed3.yaml"
  ],
  "approval": "/Users/koki/workspace/mongene-v2/engine_core/tests/golden/math.g1_l33.calculation/approval.yaml"
}
{
  "family": "math.g1_l33.knowledge",
  "golden_dir": "/Users/koki/workspace/mongene-v2/engine_core/tests/golden/math.g1_l33.knowledge",
  "written": [
    "/Users/koki/workspace/mongene-v2/engine_core/tests/golden/math.g1_l33.knowledge/math.g1_l33.knowledge_lv1_seed1.yaml",
    "/Users/koki/workspace/mongene-v2/engine_core/tests/golden/math.g1_l33.knowledge/math.g1_l33.knowledge_lv1_seed2.yaml",
    "/Users/koki/workspace/mongene-v2/engine_core/tests/golden/math.g1_l33.knowledge/math.g1_l33.knowledge_lv1_seed3.yaml",
    "/Users/koki/workspace/mongene-v2/engine_core/tests/golden/math.g1_l33.knowledge/math.g1_l33.knowledge_lv2_seed1.yaml",
    "/Users/koki/workspace/mongene-v2/engine_core/tests/golden/math.g1_l33.knowledge/math.g1_l33.knowledge_lv2_seed2.yaml",
    "/Users/koki/workspace/mongene-v2/engine_core/tests/golden/math.g1_l33.knowledge/math.g1_l33.knowledge_lv2_seed3.yaml"
  ],
  "approval": "/Users/koki/workspace/mongene-v2/engine_core/tests/golden/math.g1_l33.knowledge/approval.yaml"
}
{
  "family": "math.g1_l5.knowledge",
  "golden_dir": "/Users/koki/workspace/mongene-v2/engine_core/tests/golden/math.g1_l5.knowledge",
  "written": [
    "/Users/koki/workspace/mongene-v2/engine_core/tests/golden/math.g1_l5.knowledge/math.g1_l5.knowledge_lv1_seed1.yaml",
    "/Users/koki/workspace/mongene-v2/engine_core/tests/golden/math.g1_l5.knowledge/math.g1_l5.knowledge_lv1_seed2.yaml",
    "/Users/koki/workspace/mongene-v2/engine_core/tests/golden/math.g1_l5.knowledge/math.g1_l5.knowledge_lv1_seed3.yaml"
  ],
  "approval": "/Users/koki/workspace/mongene-v2/engine_core/tests/golden/math.g1_l5.knowledge/approval.yaml"
}
{
  "family": "math.g1_l54.calculation",
  "golden_dir": "/Users/koki/workspace/mongene-v2/engine_core/tests/golden/math.g1_l54.calculation",
  "written": [
    "/Users/koki/workspace/mongene-v2/engine_core/tests/golden/math.g1_l54.calculation/math.g1_l54.calculation_lv1_seed1.yaml",
    "/Users/koki/workspace/mongene-v2/engine_core/tests/golden/math.g1_l54.calculation/math.g1_l54.calculation_lv1_seed2.yaml",
    "/Users/koki/workspace/mongene-v2/engine_core/tests/golden/math.g1_l54.calculation/math.g1_l54.calculation_lv1_seed3.yaml"
  ],
  "approval": "/Users/koki/workspace/mongene-v2/engine_core/tests/golden/math.g1_l54.calculation/approval.yaml"
}{
  "family": "math.g1_l13.knowledge",
  "golden_dir": "/Users/koki/workspace/mongene-v2/engine_core/tests/golden/math.g1_l13.knowledge",
  "written": [
    "/Users/koki/workspace/mongene-v2/engine_core/tests/golden/math.g1_l13.knowledge/math.g1_l13.knowledge_lv1_seed1.yaml",
    "/Users/koki/workspace/mongene-v2/engine_core/tests/golden/math.g1_l13.knowledge/math.g1_l13.knowledge_lv1_seed2.yaml",
    "/Users/koki/workspace/mongene-v2/engine_core/tests/golden/math.g1_l13.knowledge/math.g1_l13.knowledge_lv1_seed3.yaml"
  ],
  "approval": "/Users/koki/workspace/mongene-v2/engine_core/tests/golden/math.g1_l13.knowledge/approval.yaml"
}
{
  "family": "math.g1_l14.calculation",
  "golden_dir": "/Users/koki/workspace/mongene-v2/engine_core/tests/golden/math.g1_l14.calculation",
  "written": [
    "/Users/koki/workspace/mongene-v2/engine_core/tests/golden/math.g1_l14.calculation/math.g1_l14.calculation_lv1_seed1.yaml",
    "/Users/koki/workspace/mongene-v2/engine_core/tests/golden/math.g1_l14.calculation/math.g1_l14.calculation_lv1_seed2.yaml",
    "/Users/koki/workspace/mongene-v2/engine_core/tests/golden/math.g1_l14.calculation/math.g1_l14.calculation_lv1_seed3.yaml",
    "/Users/koki/workspace/mongene-v2/engine_core/tests/golden/math.g1_l14.calculation/math.g1_l14.calculation_lv2_seed1.yaml",
    "/Users/koki/workspace/mongene-v2/engine_core/tests/golden/math.g1_l14.calculation/math.g1_l14.calculation_lv2_seed2.yaml",
    "/Users/koki/workspace/mongene-v2/engine_core/tests/golden/math.g1_l14.calculation/math.g1_l14.calculation_lv2_seed3.yaml"
  ],
  "approval": "/Users/koki/workspace/mongene-v2/engine_core/tests/golden/math.g1_l14.calculation/approval.yaml"
}
{
  "family": "math.g1_l14.knowledge",
  "golden_dir": "/Users/koki/workspace/mongene-v2/engine_core/tests/golden/math.g1_l14.knowledge",
  "written": [
    "/Users/koki/workspace/mongene-v2/engine_core/tests/golden/math.g1_l14.knowledge/math.g1_l14.knowledge_lv1_seed1.yaml",
    "/Users/koki/workspace/mongene-v2/engine_core/tests/golden/math.g1_l14.knowledge/math.g1_l14.knowledge_lv1_seed2.yaml",
    "/Users/koki/workspace/mongene-v2/engine_core/tests/golden/math.g1_l14.knowledge/math.g1_l14.knowledge_lv1_seed3.yaml"
  ],
  "approval": "/Users/koki/workspace/mongene-v2/engine_core/tests/golden/math.g1_l14.knowledge/approval.yaml"
}
{
  "family": "math.g1_l15.knowledge",
  "golden_dir": "/Users/koki/workspace/mongene-v2/engine_core/tests/golden/math.g1_l15.knowledge",
  "written": [
    "/Users/koki/workspace/mongene-v2/engine_core/tests/golden/math.g1_l15.knowledge/math.g1_l15.knowledge_lv1_seed1.yaml",
    "/Users/koki/workspace/mongene-v2/engine_core/tests/golden/math.g1_l15.knowledge/math.g1_l15.knowledge_lv1_seed2.yaml",
    "/Users/koki/workspace/mongene-v2/engine_core/tests/golden/math.g1_l15.knowledge/math.g1_l15.knowledge_lv1_seed3.yaml"
  ],
  "approval": "/Users/koki/workspace/mongene-v2/engine_core/tests/golden/math.g1_l15.knowledge/approval.yaml"
}
{
  "family": "math.g1_l21.calculation",
  "golden_dir": "/Users/koki/workspace/mongene-v2/engine_core/tests/golden/math.g1_l21.calculation",
  "written": [
    "/Users/koki/workspace/mongene-v2/engine_core/tests/golden/math.g1_l21.calculation/math.g1_l21.calculation_lv1_seed1.yaml",
    "/Users/koki/workspace/mongene-v2/engine_core/tests/golden/math.g1_l21.calculation/math.g1_l21.calculation_lv1_seed2.yaml",
    "/Users/koki/workspace/mongene-v2/engine_core/tests/golden/math.g1_l21.calculation/math.g1_l21.calculation_lv1_seed3.yaml",
    "/Users/koki/workspace/mongene-v2/engine_core/tests/golden/math.g1_l21.calculation/math.g1_l21.calculation_lv2_seed1.yaml",
    "/Users/koki/workspace/mongene-v2/engine_core/tests/golden/math.g1_l21.calculation/math.g1_l21.calculation_lv2_seed2.yaml",
    "/Users/koki/workspace/mongene-v2/engine_core/tests/golden/math.g1_l21.calculation/math.g1_l21.calculation_lv2_seed3.yaml"
  ],
  "approval": "/Users/koki/workspace/mongene-v2/engine_core/tests/golden/math.g1_l21.calculation/approval.yaml"
}
{
  "family": "math.g1_l21.knowledge",
  "golden_dir": "/Users/koki/workspace/mongene-v2/engine_core/tests/golden/math.g1_l21.knowledge",
  "written": [
    "/Users/koki/workspace/mongene-v2/engine_core/tests/golden/math.g1_l21.knowledge/math.g1_l21.knowledge_lv1_seed1.yaml",
    "/Users/koki/workspace/mongene-v2/engine_core/tests/golden/math.g1_l21.knowledge/math.g1_l21.knowledge_lv1_seed2.yaml",
    "/Users/koki/workspace/mongene-v2/engine_core/tests/golden/math.g1_l21.knowledge/math.g1_l21.knowledge_lv1_seed3.yaml",
    "/Users/koki/workspace/mongene-v2/engine_core/tests/golden/math.g1_l21.knowledge/math.g1_l21.knowledge_lv2_seed1.yaml",
    "/Users/koki/workspace/mongene-v2/engine_core/tests/golden/math.g1_l21.knowledge/math.g1_l21.knowledge_lv2_seed2.yaml",
    "/Users/koki/workspace/mongene-v2/engine_core/tests/golden/math.g1_l21.knowledge/math.g1_l21.knowledge_lv2_seed3.yaml"
  ],
  "approval": "/Users/koki/workspace/mongene-v2/engine_core/tests/golden/math.g1_l21.knowledge/approval.yaml"
}
{
  "family": "math.g1_l22.calculation",
  "golden_dir": "/Users/koki/workspace/mongene-v2/engine_core/tests/golden/math.g1_l22.calculation",
  "written": [
    "/Users/koki/workspace/mongene-v2/engine_core/tests/golden/math.g1_l22.calculation/math.g1_l22.calculation_lv1_seed1.yaml",
    "/Users/koki/workspace/mongene-v2/engine_core/tests/golden/math.g1_l22.calculation/math.g1_l22.calculation_lv1_seed2.yaml",
    "/Users/koki/workspace/mongene-v2/engine_core/tests/golden/math.g1_l22.calculation/math.g1_l22.calculation_lv1_seed3.yaml",
    "/Users/koki/workspace/mongene-v2/engine_core/tests/golden/math.g1_l22.calculation/math.g1_l22.calculation_lv2_seed1.yaml",
    "/Users/koki/workspace/mongene-v2/engine_core/tests/golden/math.g1_l22.calculation/math.g1_l22.calculation_lv2_seed2.yaml",
    "/Users/koki/workspace/mongene-v2/engine_core/tests/golden/math.g1_l22.calculation/math.g1_l22.calculation_lv2_seed3.yaml"
  ],
  "approval": "/Users/koki/workspace/mongene-v2/engine_core/tests/golden/math.g1_l22.calculation/approval.yaml"
}
{
  "family": "math.g1_l22.knowledge",
  "golden_dir": "/Users/koki/workspace/mongene-v2/engine_core/tests/golden/math.g1_l22.knowledge",
  "written": [
    "/Users/koki/workspace/mongene-v2/engine_core/tests/golden/math.g1_l22.knowledge/math.g1_l22.knowledge_lv1_seed1.yaml",
    "/Users/koki/workspace/mongene-v2/engine_core/tests/golden/math.g1_l22.knowledge/math.g1_l22.knowledge_lv1_seed2.yaml",
    "/Users/koki/workspace/mongene-v2/engine_core/tests/golden/math.g1_l22.knowledge/math.g1_l22.knowledge_lv1_seed3.yaml"
  ],
  "approval": "/Users/koki/workspace/mongene-v2/engine_core/tests/golden/math.g1_l22.knowledge/approval.yaml"
}
{
  "family": "math.g1_l37.knowledge",
  "golden_dir": "/Users/koki/workspace/mongene-v2/engine_core/tests/golden/math.g1_l37.knowledge",
  "written": [
    "/Users/koki/workspace/mongene-v2/engine_core/tests/golden/math.g1_l37.knowledge/math.g1_l37.knowledge_lv1_seed1.yaml",
    "/Users/koki/workspace/mongene-v2/engine_core/tests/golden/math.g1_l37.knowledge/math.g1_l37.knowledge_lv1_seed2.yaml",
    "/Users/koki/workspace/mongene-v2/engine_core/tests/golden/math.g1_l37.knowledge/math.g1_l37.knowledge_lv1_seed3.yaml",
    "/Users/koki/workspace/mongene-v2/engine_core/tests/golden/math.g1_l37.knowledge/math.g1_l37.knowledge_lv2_seed1.yaml",
    "/Users/koki/workspace/mongene-v2/engine_core/tests/golden/math.g1_l37.knowledge/math.g1_l37.knowledge_lv2_seed2.yaml",
    "/Users/koki/workspace/mongene-v2/engine_core/tests/golden/math.g1_l37.knowledge/math.g1_l37.knowledge_lv2_seed3.yaml"
  ],
  "approval": "/Users/koki/workspace/mongene-v2/engine_core/tests/golden/math.g1_l37.knowledge/approval.yaml"
}
{
  "family": "math.g1_l38.graph_table",
  "golden_dir": "/Users/koki/workspace/mongene-v2/engine_core/tests/golden/math.g1_l38.graph_table",
  "written": [
    "/Users/koki/workspace/mongene-v2/engine_core/tests/golden/math.g1_l38.graph_table/math.g1_l38.graph_table_lv1_seed1.yaml",
    "/Users/koki/workspace/mongene-v2/engine_core/tests/golden/math.g1_l38.graph_table/math.g1_l38.graph_table_lv1_seed2.yaml",
    "/Users/koki/workspace/mongene-v2/engine_core/tests/golden/math.g1_l38.graph_table/math.g1_l38.graph_table_lv1_seed3.yaml",
    "/Users/koki/workspace/mongene-v2/engine_core/tests/golden/math.g1_l38.graph_table/math.g1_l38.graph_table_lv2_seed1.yaml",
    "/Users/koki/workspace/mongene-v2/engine_core/tests/golden/math.g1_l38.graph_table/math.g1_l38.graph_table_lv2_seed2.yaml",
    "/Users/koki/workspace/mongene-v2/engine_core/tests/golden/math.g1_l38.graph_table/math.g1_l38.graph_table_lv2_seed3.yaml"
  ],
  "approval": "/Users/koki/workspace/mongene-v2/engine_core/tests/golden/math.g1_l38.graph_table/approval.yaml"
}{
  "family": "math.g1_l11.word_problem",
  "golden_dir": "/Users/koki/workspace/mongene-v2/engine_core/tests/golden/math.g1_l11.word_problem",
  "written": [
    "/Users/koki/workspace/mongene-v2/engine_core/tests/golden/math.g1_l11.word_problem/math.g1_l11.word_problem_lv2_seed1.yaml",
    "/Users/koki/workspace/mongene-v2/engine_core/tests/golden/math.g1_l11.word_problem/math.g1_l11.word_problem_lv2_seed2.yaml",
    "/Users/koki/workspace/mongene-v2/engine_core/tests/golden/math.g1_l11.word_problem/math.g1_l11.word_problem_lv2_seed3.yaml"
  ],
  "approval": "/Users/koki/workspace/mongene-v2/engine_core/tests/golden/math.g1_l11.word_problem/approval.yaml"
}
{
  "family": "math.g1_l12.knowledge",
  "golden_dir": "/Users/koki/workspace/mongene-v2/engine_core/tests/golden/math.g1_l12.knowledge",
  "written": [
    "/Users/koki/workspace/mongene-v2/engine_core/tests/golden/math.g1_l12.knowledge/math.g1_l12.knowledge_lv1_seed1.yaml",
    "/Users/koki/workspace/mongene-v2/engine_core/tests/golden/math.g1_l12.knowledge/math.g1_l12.knowledge_lv1_seed2.yaml",
    "/Users/koki/workspace/mongene-v2/engine_core/tests/golden/math.g1_l12.knowledge/math.g1_l12.knowledge_lv1_seed3.yaml",
    "/Users/koki/workspace/mongene-v2/engine_core/tests/golden/math.g1_l12.knowledge/math.g1_l12.knowledge_lv2_seed1.yaml",
    "/Users/koki/workspace/mongene-v2/engine_core/tests/golden/math.g1_l12.knowledge/math.g1_l12.knowledge_lv2_seed2.yaml",
    "/Users/koki/workspace/mongene-v2/engine_core/tests/golden/math.g1_l12.knowledge/math.g1_l12.knowledge_lv2_seed3.yaml"
  ],
  "approval": "/Users/koki/workspace/mongene-v2/engine_core/tests/golden/math.g1_l12.knowledge/approval.yaml"
}
{
  "family": "math.g1_l12.word_problem",
  "golden_dir": "/Users/koki/workspace/mongene-v2/engine_core/tests/golden/math.g1_l12.word_problem",
  "written": [
    "/Users/koki/workspace/mongene-v2/engine_core/tests/golden/math.g1_l12.word_problem/math.g1_l12.word_problem_lv1_seed1.yaml",
    "/Users/koki/workspace/mongene-v2/engine_core/tests/golden/math.g1_l12.word_problem/math.g1_l12.word_problem_lv1_seed2.yaml",
    "/Users/koki/workspace/mongene-v2/engine_core/tests/golden/math.g1_l12.word_problem/math.g1_l12.word_problem_lv1_seed3.yaml",
    "/Users/koki/workspace/mongene-v2/engine_core/tests/golden/math.g1_l12.word_problem/math.g1_l12.word_problem_lv2_seed1.yaml",
    "/Users/koki/workspace/mongene-v2/engine_core/tests/golden/math.g1_l12.word_problem/math.g1_l12.word_problem_lv2_seed2.yaml",
    "/Users/koki/workspace/mongene-v2/engine_core/tests/golden/math.g1_l12.word_problem/math.g1_l12.word_problem_lv2_seed3.yaml"
  ],
  "approval": "/Users/koki/workspace/mongene-v2/engine_core/tests/golden/math.g1_l12.word_problem/approval.yaml"
}
{
  "family": "math.g1_l13.calculation",
  "golden_dir": "/Users/koki/workspace/mongene-v2/engine_core/tests/golden/math.g1_l13.calculation",
  "written": [
    "/Users/koki/workspace/mongene-v2/engine_core/tests/golden/math.g1_l13.calculation/math.g1_l13.calculation_lv1_seed1.yaml",
    "/Users/koki/workspace/mongene-v2/engine_core/tests/golden/math.g1_l13.calculation/math.g1_l13.calculation_lv1_seed2.yaml",
    "/Users/koki/workspace/mongene-v2/engine_core/tests/golden/math.g1_l13.calculation/math.g1_l13.calculation_lv1_seed3.yaml",
    "/Users/koki/workspace/mongene-v2/engine_core/tests/golden/math.g1_l13.calculation/math.g1_l13.calculation_lv2_seed1.yaml",
    "/Users/koki/workspace/mongene-v2/engine_core/tests/golden/math.g1_l13.calculation/math.g1_l13.calculation_lv2_seed2.yaml",
    "/Users/koki/workspace/mongene-v2/engine_core/tests/golden/math.g1_l13.calculation/math.g1_l13.calculation_lv2_seed3.yaml"
  ],
  "approval": "/Users/koki/workspace/mongene-v2/engine_core/tests/golden/math.g1_l13.calculation/approval.yaml"
}
{
  "family": "math.g1_l29.word_problem",
  "golden_dir": "/Users/koki/workspace/mongene-v2/engine_core/tests/golden/math.g1_l29.word_problem",
  "written": [
    "/Users/koki/workspace/mongene-v2/engine_core/tests/golden/math.g1_l29.word_problem/math.g1_l29.word_problem_lv2_seed1.yaml",
    "/Users/koki/workspace/mongene-v2/engine_core/tests/golden/math.g1_l29.word_problem/math.g1_l29.word_problem_lv2_seed2.yaml",
    "/Users/koki/workspace/mongene-v2/engine_core/tests/golden/math.g1_l29.word_problem/math.g1_l29.word_problem_lv2_seed3.yaml",
    "/Users/koki/workspace/mongene-v2/engine_core/tests/golden/math.g1_l29.word_problem/math.g1_l29.word_problem_lv3_seed1.yaml",
    "/Users/koki/workspace/mongene-v2/engine_core/tests/golden/math.g1_l29.word_problem/math.g1_l29.word_problem_lv3_seed2.yaml",
    "/Users/koki/workspace/mongene-v2/engine_core/tests/golden/math.g1_l29.word_problem/math.g1_l29.word_problem_lv3_seed3.yaml"
  ],
  "approval": "/Users/koki/workspace/mongene-v2/engine_core/tests/golden/math.g1_l29.word_problem/approval.yaml"
}
{
  "family": "math.g1_l3.calculation",
  "golden_dir": "/Users/koki/workspace/mongene-v2/engine_core/tests/golden/math.g1_l3.calculation",
  "written": [
    "/Users/koki/workspace/mongene-v2/engine_core/tests/golden/math.g1_l3.calculation/math.g1_l3.calculation_lv1_seed1.yaml",
    "/Users/koki/workspace/mongene-v2/engine_core/tests/golden/math.g1_l3.calculation/math.g1_l3.calculation_lv1_seed2.yaml",
    "/Users/koki/workspace/mongene-v2/engine_core/tests/golden/math.g1_l3.calculation/math.g1_l3.calculation_lv1_seed3.yaml",
    "/Users/koki/workspace/mongene-v2/engine_core/tests/golden/math.g1_l3.calculation/math.g1_l3.calculation_lv2_seed1.yaml",
    "/Users/koki/workspace/mongene-v2/engine_core/tests/golden/math.g1_l3.calculation/math.g1_l3.calculation_lv2_seed2.yaml",
    "/Users/koki/workspace/mongene-v2/engine_core/tests/golden/math.g1_l3.calculation/math.g1_l3.calculation_lv2_seed3.yaml"
  ],
  "approval": "/Users/koki/workspace/mongene-v2/engine_core/tests/golden/math.g1_l3.calculation/approval.yaml"
}
{
  "family": "math.g1_l3.knowledge",
  "golden_dir": "/Users/koki/workspace/mongene-v2/engine_core/tests/golden/math.g1_l3.knowledge",
  "written": [
    "/Users/koki/workspace/mongene-v2/engine_core/tests/golden/math.g1_l3.knowledge/math.g1_l3.knowledge_lv1_seed1.yaml",
    "/Users/koki/workspace/mongene-v2/engine_core/tests/golden/math.g1_l3.knowledge/math.g1_l3.knowledge_lv1_seed2.yaml",
    "/Users/koki/workspace/mongene-v2/engine_core/tests/golden/math.g1_l3.knowledge/math.g1_l3.knowledge_lv1_seed3.yaml"
  ],
  "approval": "/Users/koki/workspace/mongene-v2/engine_core/tests/golden/math.g1_l3.knowledge/approval.yaml"
}
{
  "family": "math.g1_l30.knowledge",
  "golden_dir": "/Users/koki/workspace/mongene-v2/engine_core/tests/golden/math.g1_l30.knowledge",
  "written": [
    "/Users/koki/workspace/mongene-v2/engine_core/tests/golden/math.g1_l30.knowledge/math.g1_l30.knowledge_lv1_seed1.yaml",
    "/Users/koki/workspace/mongene-v2/engine_core/tests/golden/math.g1_l30.knowledge/math.g1_l30.knowledge_lv1_seed2.yaml",
    "/Users/koki/workspace/mongene-v2/engine_core/tests/golden/math.g1_l30.knowledge/math.g1_l30.knowledge_lv1_seed3.yaml"
  ],
  "approval": "/Users/koki/workspace/mongene-v2/engine_core/tests/golden/math.g1_l30.knowledge/approval.yaml"
}
{
  "family": "math.g1_l44.knowledge",
  "golden_dir": "/Users/koki/workspace/mongene-v2/engine_core/tests/golden/math.g1_l44.knowledge",
  "written": [
    "/Users/koki/workspace/mongene-v2/engine_core/tests/golden/math.g1_l44.knowledge/math.g1_l44.knowledge_lv2_seed1.yaml",
    "/Users/koki/workspace/mongene-v2/engine_core/tests/golden/math.g1_l44.knowledge/math.g1_l44.knowledge_lv2_seed2.yaml",
    "/Users/koki/workspace/mongene-v2/engine_core/tests/golden/math.g1_l44.knowledge/math.g1_l44.knowledge_lv2_seed3.yaml"
  ],
  "approval": "/Users/koki/workspace/mongene-v2/engine_core/tests/golden/math.g1_l44.knowledge/approval.yaml"
}
{
  "family": "math.g1_l45.knowledge",
  "golden_dir": "/Users/koki/workspace/mongene-v2/engine_core/tests/golden/math.g1_l45.knowledge",
  "written": [
    "/Users/koki/workspace/mongene-v2/engine_core/tests/golden/math.g1_l45.knowledge/math.g1_l45.knowledge_lv1_seed1.yaml",
    "/Users/koki/workspace/mongene-v2/engine_core/tests/golden/math.g1_l45.knowledge/math.g1_l45.knowledge_lv1_seed2.yaml",
    "/Users/koki/workspace/mongene-v2/engine_core/tests/golden/math.g1_l45.knowledge/math.g1_l45.knowledge_lv1_seed3.yaml",
    "/Users/koki/workspace/mongene-v2/engine_core/tests/golden/math.g1_l45.knowledge/math.g1_l45.knowledge_lv2_seed1.yaml",
    "/Users/koki/workspace/mongene-v2/engine_core/tests/golden/math.g1_l45.knowledge/math.g1_l45.knowledge_lv2_seed2.yaml",
    "/Users/koki/workspace/mongene-v2/engine_core/tests/golden/math.g1_l45.knowledge/math.g1_l45.knowledge_lv2_seed3.yaml"
  ],
  "approval": "/Users/koki/workspace/mongene-v2/engine_core/tests/golden/math.g1_l45.knowledge/approval.yaml"
}{
  "family": "math.g1_l1.word_problem",
  "golden_dir": "/Users/koki/workspace/mongene-v2/engine_core/tests/golden/math.g1_l1.word_problem",
  "written": [
    "/Users/koki/workspace/mongene-v2/engine_core/tests/golden/math.g1_l1.word_problem/math.g1_l1.word_problem_lv1_seed1.yaml",
    "/Users/koki/workspace/mongene-v2/engine_core/tests/golden/math.g1_l1.word_problem/math.g1_l1.word_problem_lv1_seed2.yaml",
    "/Users/koki/workspace/mongene-v2/engine_core/tests/golden/math.g1_l1.word_problem/math.g1_l1.word_problem_lv1_seed3.yaml"
  ],
  "approval": "/Users/koki/workspace/mongene-v2/engine_core/tests/golden/math.g1_l1.word_problem/approval.yaml"
}
{
  "family": "math.g1_l10.knowledge",
  "golden_dir": "/Users/koki/workspace/mongene-v2/engine_core/tests/golden/math.g1_l10.knowledge",
  "written": [
    "/Users/koki/workspace/mongene-v2/engine_core/tests/golden/math.g1_l10.knowledge/math.g1_l10.knowledge_lv1_seed1.yaml",
    "/Users/koki/workspace/mongene-v2/engine_core/tests/golden/math.g1_l10.knowledge/math.g1_l10.knowledge_lv1_seed2.yaml",
    "/Users/koki/workspace/mongene-v2/engine_core/tests/golden/math.g1_l10.knowledge/math.g1_l10.knowledge_lv1_seed3.yaml",
    "/Users/koki/workspace/mongene-v2/engine_core/tests/golden/math.g1_l10.knowledge/math.g1_l10.knowledge_lv2_seed1.yaml",
    "/Users/koki/workspace/mongene-v2/engine_core/tests/golden/math.g1_l10.knowledge/math.g1_l10.knowledge_lv2_seed2.yaml",
    "/Users/koki/workspace/mongene-v2/engine_core/tests/golden/math.g1_l10.knowledge/math.g1_l10.knowledge_lv2_seed3.yaml"
  ],
  "approval": "/Users/koki/workspace/mongene-v2/engine_core/tests/golden/math.g1_l10.knowledge/approval.yaml"
}
{
  "family": "math.g1_l11.calculation",
  "golden_dir": "/Users/koki/workspace/mongene-v2/engine_core/tests/golden/math.g1_l11.calculation",
  "written": [
    "/Users/koki/workspace/mongene-v2/engine_core/tests/golden/math.g1_l11.calculation/math.g1_l11.calculation_lv1_seed1.yaml",
    "/Users/koki/workspace/mongene-v2/engine_core/tests/golden/math.g1_l11.calculation/math.g1_l11.calculation_lv1_seed2.yaml",
    "/Users/koki/workspace/mongene-v2/engine_core/tests/golden/math.g1_l11.calculation/math.g1_l11.calculation_lv1_seed3.yaml",
    "/Users/koki/workspace/mongene-v2/engine_core/tests/golden/math.g1_l11.calculation/math.g1_l11.calculation_lv2_seed1.yaml",
    "/Users/koki/workspace/mongene-v2/engine_core/tests/golden/math.g1_l11.calculation/math.g1_l11.calculation_lv2_seed2.yaml",
    "/Users/koki/workspace/mongene-v2/engine_core/tests/golden/math.g1_l11.calculation/math.g1_l11.calculation_lv2_seed3.yaml"
  ],
  "approval": "/Users/koki/workspace/mongene-v2/engine_core/tests/golden/math.g1_l11.calculation/approval.yaml"
}
{
  "family": "math.g1_l11.knowledge",
  "golden_dir": "/Users/koki/workspace/mongene-v2/engine_core/tests/golden/math.g1_l11.knowledge",
  "written": [
    "/Users/koki/workspace/mongene-v2/engine_core/tests/golden/math.g1_l11.knowledge/math.g1_l11.knowledge_lv1_seed1.yaml",
    "/Users/koki/workspace/mongene-v2/engine_core/tests/golden/math.g1_l11.knowledge/math.g1_l11.knowledge_lv1_seed2.yaml",
    "/Users/koki/workspace/mongene-v2/engine_core/tests/golden/math.g1_l11.knowledge/math.g1_l11.knowledge_lv1_seed3.yaml"
  ],
  "approval": "/Users/koki/workspace/mongene-v2/engine_core/tests/golden/math.g1_l11.knowledge/approval.yaml"
}
{
  "family": "math.g1_l27.word_problem",
  "golden_dir": "/Users/koki/workspace/mongene-v2/engine_core/tests/golden/math.g1_l27.word_problem",
  "written": [
    "/Users/koki/workspace/mongene-v2/engine_core/tests/golden/math.g1_l27.word_problem/math.g1_l27.word_problem_lv2_seed1.yaml",
    "/Users/koki/workspace/mongene-v2/engine_core/tests/golden/math.g1_l27.word_problem/math.g1_l27.word_problem_lv2_seed2.yaml",
    "/Users/koki/workspace/mongene-v2/engine_core/tests/golden/math.g1_l27.word_problem/math.g1_l27.word_problem_lv2_seed3.yaml",
    "/Users/koki/workspace/mongene-v2/engine_core/tests/golden/math.g1_l27.word_problem/math.g1_l27.word_problem_lv3_seed1.yaml",
    "/Users/koki/workspace/mongene-v2/engine_core/tests/golden/math.g1_l27.word_problem/math.g1_l27.word_problem_lv3_seed2.yaml",
    "/Users/koki/workspace/mongene-v2/engine_core/tests/golden/math.g1_l27.word_problem/math.g1_l27.word_problem_lv3_seed3.yaml",
    "/Users/koki/workspace/mongene-v2/engine_core/tests/golden/math.g1_l27.word_problem/math.g1_l27.word_problem_lv4_seed1.yaml",
    "/Users/koki/workspace/mongene-v2/engine_core/tests/golden/math.g1_l27.word_problem/math.g1_l27.word_problem_lv4_seed2.yaml",
    "/Users/koki/workspace/mongene-v2/engine_core/tests/golden/math.g1_l27.word_problem/math.g1_l27.word_problem_lv4_seed3.yaml"
  ],
  "approval": "/Users/koki/workspace/mongene-v2/engine_core/tests/golden/math.g1_l27.word_problem/approval.yaml"
}
{
  "family": "math.g1_l28.knowledge",
  "golden_dir": "/Users/koki/workspace/mongene-v2/engine_core/tests/golden/math.g1_l28.knowledge",
  "written": [
    "/Users/koki/workspace/mongene-v2/engine_core/tests/golden/math.g1_l28.knowledge/math.g1_l28.knowledge_lv1_seed1.yaml",
    "/Users/koki/workspace/mongene-v2/engine_core/tests/golden/math.g1_l28.knowledge/math.g1_l28.knowledge_lv1_seed2.yaml",
    "/Users/koki/workspace/mongene-v2/engine_core/tests/golden/math.g1_l28.knowledge/math.g1_l28.knowledge_lv1_seed3.yaml",
    "/Users/koki/workspace/mongene-v2/engine_core/tests/golden/math.g1_l28.knowledge/math.g1_l28.knowledge_lv2_seed1.yaml",
    "/Users/koki/workspace/mongene-v2/engine_core/tests/golden/math.g1_l28.knowledge/math.g1_l28.knowledge_lv2_seed2.yaml",
    "/Users/koki/workspace/mongene-v2/engine_core/tests/golden/math.g1_l28.knowledge/math.g1_l28.knowledge_lv2_seed3.yaml"
  ],
  "approval": "/Users/koki/workspace/mongene-v2/engine_core/tests/golden/math.g1_l28.knowledge/approval.yaml"
}
{
  "family": "math.g1_l29.calculation",
  "golden_dir": "/Users/koki/workspace/mongene-v2/engine_core/tests/golden/math.g1_l29.calculation",
  "written": [
    "/Users/koki/workspace/mongene-v2/engine_core/tests/golden/math.g1_l29.calculation/math.g1_l29.calculation_lv1_seed1.yaml",
    "/Users/koki/workspace/mongene-v2/engine_core/tests/golden/math.g1_l29.calculation/math.g1_l29.calculation_lv1_seed2.yaml",
    "/Users/koki/workspace/mongene-v2/engine_core/tests/golden/math.g1_l29.calculation/math.g1_l29.calculation_lv1_seed3.yaml",
    "/Users/koki/workspace/mongene-v2/engine_core/tests/golden/math.g1_l29.calculation/math.g1_l29.calculation_lv2_seed1.yaml",
    "/Users/koki/workspace/mongene-v2/engine_core/tests/golden/math.g1_l29.calculation/math.g1_l29.calculation_lv2_seed2.yaml",
    "/Users/koki/workspace/mongene-v2/engine_core/tests/golden/math.g1_l29.calculation/math.g1_l29.calculation_lv2_seed3.yaml"
  ],
  "approval": "/Users/koki/workspace/mongene-v2/engine_core/tests/golden/math.g1_l29.calculation/approval.yaml"
}
{
  "family": "math.g1_l29.knowledge",
  "golden_dir": "/Users/koki/workspace/mongene-v2/engine_core/tests/golden/math.g1_l29.knowledge",
  "written": [
    "/Users/koki/workspace/mongene-v2/engine_core/tests/golden/math.g1_l29.knowledge/math.g1_l29.knowledge_lv1_seed1.yaml",
    "/Users/koki/workspace/mongene-v2/engine_core/tests/golden/math.g1_l29.knowledge/math.g1_l29.knowledge_lv1_seed2.yaml",
    "/Users/koki/workspace/mongene-v2/engine_core/tests/golden/math.g1_l29.knowledge/math.g1_l29.knowledge_lv1_seed3.yaml",
    "/Users/koki/workspace/mongene-v2/engine_core/tests/golden/math.g1_l29.knowledge/math.g1_l29.knowledge_lv2_seed1.yaml",
    "/Users/koki/workspace/mongene-v2/engine_core/tests/golden/math.g1_l29.knowledge/math.g1_l29.knowledge_lv2_seed2.yaml",
    "/Users/koki/workspace/mongene-v2/engine_core/tests/golden/math.g1_l29.knowledge/math.g1_l29.knowledge_lv2_seed3.yaml"
  ],
  "approval": "/Users/koki/workspace/mongene-v2/engine_core/tests/golden/math.g1_l29.knowledge/approval.yaml"
}
{
  "family": "math.g1_l55.graph_table",
  "golden_dir": "/Users/koki/workspace/mongene-v2/engine_core/tests/golden/math.g1_l55.graph_table",
  "written": [
    "/Users/koki/workspace/mongene-v2/engine_core/tests/golden/math.g1_l55.graph_table/math.g1_l55.graph_table_lv1_seed1.yaml",
    "/Users/koki/workspace/mongene-v2/engine_core/tests/golden/math.g1_l55.graph_table/math.g1_l55.graph_table_lv1_seed2.yaml",
    "/Users/koki/workspace/mongene-v2/engine_core/tests/golden/math.g1_l55.graph_table/math.g1_l55.graph_table_lv1_seed3.yaml",
    "/Users/koki/workspace/mongene-v2/engine_core/tests/golden/math.g1_l55.graph_table/math.g1_l55.graph_table_lv2_seed1.yaml",
    "/Users/koki/workspace/mongene-v2/engine_core/tests/golden/math.g1_l55.graph_table/math.g1_l55.graph_table_lv2_seed2.yaml",
    "/Users/koki/workspace/mongene-v2/engine_core/tests/golden/math.g1_l55.graph_table/math.g1_l55.graph_table_lv2_seed3.yaml",
    "/Users/koki/workspace/mongene-v2/engine_core/tests/golden/math.g1_l55.graph_table/math.g1_l55.graph_table_lv3_seed1.yaml",
    "/Users/koki/workspace/mongene-v2/engine_core/tests/golden/math.g1_l55.graph_table/math.g1_l55.graph_table_lv3_seed2.yaml",
    "/Users/koki/workspace/mongene-v2/engine_core/tests/golden/math.g1_l55.graph_table/math.g1_l55.graph_table_lv3_seed3.yaml"
  ],
  "approval": "/Users/koki/workspace/mongene-v2/engine_core/tests/golden/math.g1_l55.graph_table/approval.yaml"
}... 80/280

{
  "family": "math.g1_l54.knowledge",
  "golden_dir": "/Users/koki/workspace/mongene-v2/engine_core/tests/golden/math.g1_l54.knowledge",
  "written": [
    "/Users/koki/workspace/mongene-v2/engine_core/tests/golden/math.g1_l54.knowledge/math.g1_l54.knowledge_lv1_seed1.yaml",
    "/Users/koki/workspace/mongene-v2/engine_core/tests/golden/math.g1_l54.knowledge/math.g1_l54.knowledge_lv1_seed2.yaml",
    "/Users/koki/workspace/mongene-v2/engine_core/tests/golden/math.g1_l54.knowledge/math.g1_l54.knowledge_lv1_seed3.yaml"
  ],
  "approval": "/Users/koki/workspace/mongene-v2/engine_core/tests/golden/math.g1_l54.knowledge/approval.yaml"
}
{
  "family": "math.g1_l55.calculation",
  "golden_dir": "/Users/koki/workspace/mongene-v2/engine_core/tests/golden/math.g1_l55.calculation",
  "written": [
    "/Users/koki/workspace/mongene-v2/engine_core/tests/golden/math.g1_l55.calculation/math.g1_l55.calculation_lv1_seed1.yaml",
    "/Users/koki/workspace/mongene-v2/engine_core/tests/golden/math.g1_l55.calculation/math.g1_l55.calculation_lv1_seed2.yaml",
    "/Users/koki/workspace/mongene-v2/engine_core/tests/golden/math.g1_l55.calculation/math.g1_l55.calculation_lv1_seed3.yaml",
    "/Users/koki/workspace/mongene-v2/engine_core/tests/golden/math.g1_l55.calculation/math.g1_l55.calculation_lv2_seed1.yaml",
    "/Users/koki/workspace/mongene-v2/engine_core/tests/golden/math.g1_l55.calculation/math.g1_l55.calculation_lv2_seed2.yaml",
    "/Users/koki/workspace/mongene-v2/engine_core/tests/golden/math.g1_l55.calculation/math.g1_l55.calculation_lv2_seed3.yaml"
  ],
  "approval": "/Users/koki/workspace/mongene-v2/engine_core/tests/golden/math.g1_l55.calculation/approval.yaml"
}
{
  "family": "math.g1_l8.knowledge",
  "golden_dir": "/Users/koki/workspace/mongene-v2/engine_core/tests/golden/math.g1_l8.knowledge",
  "written": [
    "/Users/koki/workspace/mongene-v2/engine_core/tests/golden/math.g1_l8.knowledge/math.g1_l8.knowledge_lv1_seed1.yaml",
    "/Users/koki/workspace/mongene-v2/engine_core/tests/golden/math.g1_l8.knowledge/math.g1_l8.knowledge_lv1_seed2.yaml",
    "/Users/koki/workspace/mongene-v2/engine_core/tests/golden/math.g1_l8.knowledge/math.g1_l8.knowledge_lv1_seed3.yaml"
  ],
  "approval": "/Users/koki/workspace/mongene-v2/engine_core/tests/golden/math.g1_l8.knowledge/approval.yaml"
}
{
  "family": "math.g1_l9.calculation",
  "golden_dir": "/Users/koki/workspace/mongene-v2/engine_core/tests/golden/math.g1_l9.calculation",
  "written": [
    "/Users/koki/workspace/mongene-v2/engine_core/tests/golden/math.g1_l9.calculation/math.g1_l9.calculation_lv2_seed1.yaml",
    "/Users/koki/workspace/mongene-v2/engine_core/tests/golden/math.g1_l9.calculation/math.g1_l9.calculation_lv2_seed2.yaml",
    "/Users/koki/workspace/mongene-v2/engine_core/tests/golden/math.g1_l9.calculation/math.g1_l9.calculation_lv2_seed3.yaml",
    "/Users/koki/workspace/mongene-v2/engine_core/tests/golden/math.g1_l9.calculation/math.g1_l9.calculation_lv3_seed1.yaml",
    "/Users/koki/workspace/mongene-v2/engine_core/tests/golden/math.g1_l9.calculation/math.g1_l9.calculation_lv3_seed2.yaml",
    "/Users/koki/workspace/mongene-v2/engine_core/tests/golden/math.g1_l9.calculation/math.g1_l9.calculation_lv3_seed3.yaml"
  ],
  "approval": "/Users/koki/workspace/mongene-v2/engine_core/tests/golden/math.g1_l9.calculation/approval.yaml"
}
{
  "family": "math.g1_l9.knowledge",
  "golden_dir": "/Users/koki/workspace/mongene-v2/engine_core/tests/golden/math.g1_l9.knowledge",
  "written": [
    "/Users/koki/workspace/mongene-v2/engine_core/tests/golden/math.g1_l9.knowledge/math.g1_l9.knowledge_lv1_seed1.yaml",
    "/Users/koki/workspace/mongene-v2/engine_core/tests/golden/math.g1_l9.knowledge/math.g1_l9.knowledge_lv1_seed2.yaml",
    "/Users/koki/workspace/mongene-v2/engine_core/tests/golden/math.g1_l9.knowledge/math.g1_l9.knowledge_lv1_seed3.yaml"
  ],
  "approval": "/Users/koki/workspace/mongene-v2/engine_core/tests/golden/math.g1_l9.knowledge/approval.yaml"
}
{
  "family": "math.g2_l1.calculation",
  "golden_dir": "/Users/koki/workspace/mongene-v2/engine_core/tests/golden/math.g2_l1.calculation",
  "written": [
    "/Users/koki/workspace/mongene-v2/engine_core/tests/golden/math.g2_l1.calculation/math.g2_l1.calculation_lv1_seed1.yaml",
    "/Users/koki/workspace/mongene-v2/engine_core/tests/golden/math.g2_l1.calculation/math.g2_l1.calculation_lv1_seed2.yaml",
    "/Users/koki/workspace/mongene-v2/engine_core/tests/golden/math.g2_l1.calculation/math.g2_l1.calculation_lv1_seed3.yaml"
  ],
  "approval": "/Users/koki/workspace/mongene-v2/engine_core/tests/golden/math.g2_l1.calculation/approval.yaml"
}
{
  "family": "math.g2_l21.knowledge",
  "golden_dir": "/Users/koki/workspace/mongene-v2/engine_core/tests/golden/math.g2_l21.knowledge",
  "written": [
    "/Users/koki/workspace/mongene-v2/engine_core/tests/golden/math.g2_l21.knowledge/math.g2_l21.knowledge_lv1_seed1.yaml",
    "/Users/koki/workspace/mongene-v2/engine_core/tests/golden/math.g2_l21.knowledge/math.g2_l21.knowledge_lv1_seed2.yaml",
    "/Users/koki/workspace/mongene-v2/engine_core/tests/golden/math.g2_l21.knowledge/math.g2_l21.knowledge_lv1_seed3.yaml",
    "/Users/koki/workspace/mongene-v2/engine_core/tests/golden/math.g2_l21.knowledge/math.g2_l21.knowledge_lv2_seed1.yaml",
    "/Users/koki/workspace/mongene-v2/engine_core/tests/golden/math.g2_l21.knowledge/math.g2_l21.knowledge_lv2_seed2.yaml",
    "/Users/koki/workspace/mongene-v2/engine_core/tests/golden/math.g2_l21.knowledge/math.g2_l21.knowledge_lv2_seed3.yaml"
  ],
  "approval": "/Users/koki/workspace/mongene-v2/engine_core/tests/golden/math.g2_l21.knowledge/approval.yaml"
}
{
  "family": "math.g2_l22.calculation",
  "golden_dir": "/Users/koki/workspace/mongene-v2/engine_core/tests/golden/math.g2_l22.calculation",
  "written": [
    "/Users/koki/workspace/mongene-v2/engine_core/tests/golden/math.g2_l22.calculation/math.g2_l22.calculation_lv1_seed1.yaml",
    "/Users/koki/workspace/mongene-v2/engine_core/tests/golden/math.g2_l22.calculation/math.g2_l22.calculation_lv1_seed2.yaml",
    "/Users/koki/workspace/mongene-v2/engine_core/tests/golden/math.g2_l22.calculation/math.g2_l22.calculation_lv1_seed3.yaml"
  ],
  "approval": "/Users/koki/workspace/mongene-v2/engine_core/tests/golden/math.g2_l22.calculation/approval.yaml"
}
{
  "family": "math.g2_l22.graph_table",
  "golden_dir": "/Users/koki/workspace/mongene-v2/engine_core/tests/golden/math.g2_l22.graph_table",
  "written": [
    "/Users/koki/workspace/mongene-v2/engine_core/tests/golden/math.g2_l22.graph_table/math.g2_l22.graph_table_lv1_seed1.yaml",
    "/Users/koki/workspace/mongene-v2/engine_core/tests/golden/math.g2_l22.graph_table/math.g2_l22.graph_table_lv1_seed2.yaml",
    "/Users/koki/workspace/mongene-v2/engine_core/tests/golden/math.g2_l22.graph_table/math.g2_l22.graph_table_lv1_seed3.yaml",
    "/Users/koki/workspace/mongene-v2/engine_core/tests/golden/math.g2_l22.graph_table/math.g2_l22.graph_table_lv3_seed1.yaml",
    "/Users/koki/workspace/mongene-v2/engine_core/tests/golden/math.g2_l22.graph_table/math.g2_l22.graph_table_lv3_seed2.yaml",
    "/Users/koki/workspace/mongene-v2/engine_core/tests/golden/math.g2_l22.graph_table/math.g2_l22.graph_table_lv3_seed3.yaml"
  ],
  "approval": "/Users/koki/workspace/mongene-v2/engine_core/tests/golden/math.g2_l22.graph_table/approval.yaml"
}
{
  "family": "math.g2_l23.find_value",
  "golden_dir": "/Users/koki/workspace/mongene-v2/engine_core/tests/golden/math.g2_l23.find_value",
  "written": [
    "/Users/koki/workspace/mongene-v2/engine_core/tests/golden/math.g2_l23.find_value/math.g2_l23.find_value_lv2_seed1.yaml",
    "/Users/koki/workspace/mongene-v2/engine_core/tests/golden/math.g2_l23.find_value/math.g2_l23.find_value_lv2_seed2.yaml",
    "/Users/koki/workspace/mongene-v2/engine_core/tests/golden/math.g2_l23.find_value/math.g2_l23.find_value_lv2_seed3.yaml",
    "/Users/koki/workspace/mongene-v2/engine_core/tests/golden/math.g2_l23.find_value/math.g2_l23.find_value_lv3_seed1.yaml",
    "/Users/koki/workspace/mongene-v2/engine_core/tests/golden/math.g2_l23.find_value/math.g2_l23.find_value_lv3_seed2.yaml",
    "/Users/koki/workspace/mongene-v2/engine_core/tests/golden/math.g2_l23.find_value/math.g2_l23.find_value_lv3_seed3.yaml"
  ],
  "approval": "/Users/koki/workspace/mongene-v2/engine_core/tests/golden/math.g2_l23.find_value/approval.yaml"
}... 120/280

{
  "family": "math.g1_l46.find_value",
  "golden_dir": "/Users/koki/workspace/mongene-v2/engine_core/tests/golden/math.g1_l46.find_value",
  "written": [
    "/Users/koki/workspace/mongene-v2/engine_core/tests/golden/math.g1_l46.find_value/math.g1_l46.find_value_lv1_seed1.yaml",
    "/Users/koki/workspace/mongene-v2/engine_core/tests/golden/math.g1_l46.find_value/math.g1_l46.find_value_lv1_seed2.yaml",
    "/Users/koki/workspace/mongene-v2/engine_core/tests/golden/math.g1_l46.find_value/math.g1_l46.find_value_lv1_seed3.yaml",
    "/Users/koki/workspace/mongene-v2/engine_core/tests/golden/math.g1_l46.find_value/math.g1_l46.find_value_lv2_seed1.yaml",
    "/Users/koki/workspace/mongene-v2/engine_core/tests/golden/math.g1_l46.find_value/math.g1_l46.find_value_lv2_seed2.yaml",
    "/Users/koki/workspace/mongene-v2/engine_core/tests/golden/math.g1_l46.find_value/math.g1_l46.find_value_lv2_seed3.yaml"
  ],
  "approval": "/Users/koki/workspace/mongene-v2/engine_core/tests/golden/math.g1_l46.find_value/approval.yaml"
}
{
  "family": "math.g1_l5.calculation",
  "golden_dir": "/Users/koki/workspace/mongene-v2/engine_core/tests/golden/math.g1_l5.calculation",
  "written": [
    "/Users/koki/workspace/mongene-v2/engine_core/tests/golden/math.g1_l5.calculation/math.g1_l5.calculation_lv1_seed1.yaml",
    "/Users/koki/workspace/mongene-v2/engine_core/tests/golden/math.g1_l5.calculation/math.g1_l5.calculation_lv1_seed2.yaml",
    "/Users/koki/workspace/mongene-v2/engine_core/tests/golden/math.g1_l5.calculation/math.g1_l5.calculation_lv1_seed3.yaml",
    "/Users/koki/workspace/mongene-v2/engine_core/tests/golden/math.g1_l5.calculation/math.g1_l5.calculation_lv2_seed1.yaml",
    "/Users/koki/workspace/mongene-v2/engine_core/tests/golden/math.g1_l5.calculation/math.g1_l5.calculation_lv2_seed2.yaml",
    "/Users/koki/workspace/mongene-v2/engine_core/tests/golden/math.g1_l5.calculation/math.g1_l5.calculation_lv2_seed3.yaml"
  ],
  "approval": "/Users/koki/workspace/mongene-v2/engine_core/tests/golden/math.g1_l5.calculation/approval.yaml"
}
{
  "family": "math.g2_l1.knowledge",
  "golden_dir": "/Users/koki/workspace/mongene-v2/engine_core/tests/golden/math.g2_l1.knowledge",
  "written": [
    "/Users/koki/workspace/mongene-v2/engine_core/tests/golden/math.g2_l1.knowledge/math.g2_l1.knowledge_lv1_seed1.yaml",
    "/Users/koki/workspace/mongene-v2/engine_core/tests/golden/math.g2_l1.knowledge/math.g2_l1.knowledge_lv1_seed2.yaml",
    "/Users/koki/workspace/mongene-v2/engine_core/tests/golden/math.g2_l1.knowledge/math.g2_l1.knowledge_lv1_seed3.yaml",
    "/Users/koki/workspace/mongene-v2/engine_core/tests/golden/math.g2_l1.knowledge/math.g2_l1.knowledge_lv2_seed1.yaml",
    "/Users/koki/workspace/mongene-v2/engine_core/tests/golden/math.g2_l1.knowledge/math.g2_l1.knowledge_lv2_seed2.yaml",
    "/Users/koki/workspace/mongene-v2/engine_core/tests/golden/math.g2_l1.knowledge/math.g2_l1.knowledge_lv2_seed3.yaml"
  ],
  "approval": "/Users/koki/workspace/mongene-v2/engine_core/tests/golden/math.g2_l1.knowledge/approval.yaml"
}
{
  "family": "math.g2_l10.calculation",
  "golden_dir": "/Users/koki/workspace/mongene-v2/engine_core/tests/golden/math.g2_l10.calculation",
  "written": [
    "/Users/koki/workspace/mongene-v2/engine_core/tests/golden/math.g2_l10.calculation/math.g2_l10.calculation_lv1_seed1.yaml",
    "/Users/koki/workspace/mongene-v2/engine_core/tests/golden/math.g2_l10.calculation/math.g2_l10.calculation_lv1_seed2.yaml",
    "/Users/koki/workspace/mongene-v2/engine_core/tests/golden/math.g2_l10.calculation/math.g2_l10.calculation_lv1_seed3.yaml"
  ],
  "approval": "/Users/koki/workspace/mongene-v2/engine_core/tests/golden/math.g2_l10.calculation/approval.yaml"
}
{
  "family": "math.g2_l10.knowledge",
  "golden_dir": "/Users/koki/workspace/mongene-v2/engine_core/tests/golden/math.g2_l10.knowledge",
  "written": [
    "/Users/koki/workspace/mongene-v2/engine_core/tests/golden/math.g2_l10.knowledge/math.g2_l10.knowledge_lv1_seed1.yaml",
    "/Users/koki/workspace/mongene-v2/engine_core/tests/golden/math.g2_l10.knowledge/math.g2_l10.knowledge_lv1_seed2.yaml",
    "/Users/koki/workspace/mongene-v2/engine_core/tests/golden/math.g2_l10.knowledge/math.g2_l10.knowledge_lv1_seed3.yaml",
    "/Users/koki/workspace/mongene-v2/engine_core/tests/golden/math.g2_l10.knowledge/math.g2_l10.knowledge_lv2_seed1.yaml",
    "/Users/koki/workspace/mongene-v2/engine_core/tests/golden/math.g2_l10.knowledge/math.g2_l10.knowledge_lv2_seed2.yaml",
    "/Users/koki/workspace/mongene-v2/engine_core/tests/golden/math.g2_l10.knowledge/math.g2_l10.knowledge_lv2_seed3.yaml"
  ],
  "approval": "/Users/koki/workspace/mongene-v2/engine_core/tests/golden/math.g2_l10.knowledge/approval.yaml"
}
{
  "family": "math.g2_l11.calculation",
  "golden_dir": "/Users/koki/workspace/mongene-v2/engine_core/tests/golden/math.g2_l11.calculation",
  "written": [
    "/Users/koki/workspace/mongene-v2/engine_core/tests/golden/math.g2_l11.calculation/math.g2_l11.calculation_lv1_seed1.yaml",
    "/Users/koki/workspace/mongene-v2/engine_core/tests/golden/math.g2_l11.calculation/math.g2_l11.calculation_lv1_seed2.yaml",
    "/Users/koki/workspace/mongene-v2/engine_core/tests/golden/math.g2_l11.calculation/math.g2_l11.calculation_lv1_seed3.yaml"
  ],
  "approval": "/Users/koki/workspace/mongene-v2/engine_core/tests/golden/math.g2_l11.calculation/approval.yaml"
}
{
  "family": "math.g2_l25.graph_table",
  "golden_dir": "/Users/koki/workspace/mongene-v2/engine_core/tests/golden/math.g2_l25.graph_table",
  "written": [
    "/Users/koki/workspace/mongene-v2/engine_core/tests/golden/math.g2_l25.graph_table/math.g2_l25.graph_table_lv2_seed1.yaml",
    "/Users/koki/workspace/mongene-v2/engine_core/tests/golden/math.g2_l25.graph_table/math.g2_l25.graph_table_lv2_seed2.yaml",
    "/Users/koki/workspace/mongene-v2/engine_core/tests/golden/math.g2_l25.graph_table/math.g2_l25.graph_table_lv2_seed3.yaml"
  ],
  "approval": "/Users/koki/workspace/mongene-v2/engine_core/tests/golden/math.g2_l25.graph_table/approval.yaml"
}
{
  "family": "math.g2_l26.calculation",
  "golden_dir": "/Users/koki/workspace/mongene-v2/engine_core/tests/golden/math.g2_l26.calculation",
  "written": [
    "/Users/koki/workspace/mongene-v2/engine_core/tests/golden/math.g2_l26.calculation/math.g2_l26.calculation_lv1_seed1.yaml",
    "/Users/koki/workspace/mongene-v2/engine_core/tests/golden/math.g2_l26.calculation/math.g2_l26.calculation_lv1_seed2.yaml",
    "/Users/koki/workspace/mongene-v2/engine_core/tests/golden/math.g2_l26.calculation/math.g2_l26.calculation_lv1_seed3.yaml"
  ],
  "approval": "/Users/koki/workspace/mongene-v2/engine_core/tests/golden/math.g2_l26.calculation/approval.yaml"
}
{
  "family": "math.g2_l26.graph_table",
  "golden_dir": "/Users/koki/workspace/mongene-v2/engine_core/tests/golden/math.g2_l26.graph_table",
  "written": [
    "/Users/koki/workspace/mongene-v2/engine_core/tests/golden/math.g2_l26.graph_table/math.g2_l26.graph_table_lv1_seed1.yaml",
    "/Users/koki/workspace/mongene-v2/engine_core/tests/golden/math.g2_l26.graph_table/math.g2_l26.graph_table_lv1_seed2.yaml",
    "/Users/koki/workspace/mongene-v2/engine_core/tests/golden/math.g2_l26.graph_table/math.g2_l26.graph_table_lv1_seed3.yaml",
    "/Users/koki/workspace/mongene-v2/engine_core/tests/golden/math.g2_l26.graph_table/math.g2_l26.graph_table_lv2_seed1.yaml",
    "/Users/koki/workspace/mongene-v2/engine_core/tests/golden/math.g2_l26.graph_table/math.g2_l26.graph_table_lv2_seed2.yaml",
    "/Users/koki/workspace/mongene-v2/engine_core/tests/golden/math.g2_l26.graph_table/math.g2_l26.graph_table_lv2_seed3.yaml"
  ],
  "approval": "/Users/koki/workspace/mongene-v2/engine_core/tests/golden/math.g2_l26.graph_table/approval.yaml"
}
{
  "family": "math.g2_l26.knowledge",
  "golden_dir": "/Users/koki/workspace/mongene-v2/engine_core/tests/golden/math.g2_l26.knowledge",
  "written": [
    "/Users/koki/workspace/mongene-v2/engine_core/tests/golden/math.g2_l26.knowledge/math.g2_l26.knowledge_lv1_seed1.yaml",
    "/Users/koki/workspace/mongene-v2/engine_core/tests/golden/math.g2_l26.knowledge/math.g2_l26.knowledge_lv1_seed2.yaml",
    "/Users/koki/workspace/mongene-v2/engine_core/tests/golden/math.g2_l26.knowledge/math.g2_l26.knowledge_lv1_seed3.yaml"
  ],
  "approval": "/Users/koki/workspace/mongene-v2/engine_core/tests/golden/math.g2_l26.knowledge/approval.yaml"
}
{
  "family": "math.g1_l4.knowledge",
  "golden_dir": "/Users/koki/workspace/mongene-v2/engine_core/tests/golden/math.g1_l4.knowledge",
  "written": [
    "/Users/koki/workspace/mongene-v2/engine_core/tests/golden/math.g1_l4.knowledge/math.g1_l4.knowledge_lv1_seed1.yaml",
    "/Users/koki/workspace/mongene-v2/engine_core/tests/golden/math.g1_l4.knowledge/math.g1_l4.knowledge_lv1_seed2.yaml",
    "/Users/koki/workspace/mongene-v2/engine_core/tests/golden/math.g1_l4.knowledge/math.g1_l4.knowledge_lv1_seed3.yaml"
  ],
  "approval": "/Users/koki/workspace/mongene-v2/engine_core/tests/golden/math.g1_l4.knowledge/approval.yaml"
}
{
  "family": "math.g1_l40.graph_table",
  "golden_dir": "/Users/koki/workspace/mongene-v2/engine_core/tests/golden/math.g1_l40.graph_table",
  "written": [
    "/Users/koki/workspace/mongene-v2/engine_core/tests/golden/math.g1_l40.graph_table/math.g1_l40.graph_table_lv1_seed1.yaml",
    "/Users/koki/workspace/mongene-v2/engine_core/tests/golden/math.g1_l40.graph_table/math.g1_l40.graph_table_lv1_seed2.yaml",
    "/Users/koki/workspace/mongene-v2/engine_core/tests/golden/math.g1_l40.graph_table/math.g1_l40.graph_table_lv1_seed3.yaml",
    "/Users/koki/workspace/mongene-v2/engine_core/tests/golden/math.g1_l40.graph_table/math.g1_l40.graph_table_lv2_seed1.yaml",
    "/Users/koki/workspace/mongene-v2/engine_core/tests/golden/math.g1_l40.graph_table/math.g1_l40.graph_table_lv2_seed2.yaml",
    "/Users/koki/workspace/mongene-v2/engine_core/tests/golden/math.g1_l40.graph_table/math.g1_l40.graph_table_lv2_seed3.yaml"
  ],
  "approval": "/Users/koki/workspace/mongene-v2/engine_core/tests/golden/math.g1_l40.graph_table/approval.yaml"
}
{
  "family": "math.g1_l60.knowledge",
  "golden_dir": "/Users/koki/workspace/mongene-v2/engine_core/tests/golden/math.g1_l60.knowledge",
  "written": [
    "/Users/koki/workspace/mongene-v2/engine_core/tests/golden/math.g1_l60.knowledge/math.g1_l60.knowledge_lv1_seed1.yaml",
    "/Users/koki/workspace/mongene-v2/engine_core/tests/golden/math.g1_l60.knowledge/math.g1_l60.knowledge_lv1_seed2.yaml",
    "/Users/koki/workspace/mongene-v2/engine_core/tests/golden/math.g1_l60.knowledge/math.g1_l60.knowledge_lv1_seed3.yaml",
    "/Users/koki/workspace/mongene-v2/engine_core/tests/golden/math.g1_l60.knowledge/math.g1_l60.knowledge_lv2_seed1.yaml",
    "/Users/koki/workspace/mongene-v2/engine_core/tests/golden/math.g1_l60.knowledge/math.g1_l60.knowledge_lv2_seed2.yaml",
    "/Users/koki/workspace/mongene-v2/engine_core/tests/golden/math.g1_l60.knowledge/math.g1_l60.knowledge_lv2_seed3.yaml"
  ],
  "approval": "/Users/koki/workspace/mongene-v2/engine_core/tests/golden/math.g1_l60.knowledge/approval.yaml"
}
{
  "family": "math.g1_l7.calculation",
  "golden_dir": "/Users/koki/workspace/mongene-v2/engine_core/tests/golden/math.g1_l7.calculation",
  "written": [
    "/Users/koki/workspace/mongene-v2/engine_core/tests/golden/math.g1_l7.calculation/math.g1_l7.calculation_lv1_seed1.yaml",
    "/Users/koki/workspace/mongene-v2/engine_core/tests/golden/math.g1_l7.calculation/math.g1_l7.calculation_lv1_seed2.yaml",
    "/Users/koki/workspace/mongene-v2/engine_core/tests/golden/math.g1_l7.calculation/math.g1_l7.calculation_lv1_seed3.yaml",
    "/Users/koki/workspace/mongene-v2/engine_core/tests/golden/math.g1_l7.calculation/math.g1_l7.calculation_lv2_seed1.yaml",
    "/Users/koki/workspace/mongene-v2/engine_core/tests/golden/math.g1_l7.calculation/math.g1_l7.calculation_lv2_seed2.yaml",
    "/Users/koki/workspace/mongene-v2/engine_core/tests/golden/math.g1_l7.calculation/math.g1_l7.calculation_lv2_seed3.yaml"
  ],
  "approval": "/Users/koki/workspace/mongene-v2/engine_core/tests/golden/math.g1_l7.calculation/approval.yaml"
}
{
  "family": "math.g1_l7.knowledge",
  "golden_dir": "/Users/koki/workspace/mongene-v2/engine_core/tests/golden/math.g1_l7.knowledge",
  "written": [
    "/Users/koki/workspace/mongene-v2/engine_core/tests/golden/math.g1_l7.knowledge/math.g1_l7.knowledge_lv1_seed1.yaml",
    "/Users/koki/workspace/mongene-v2/engine_core/tests/golden/math.g1_l7.knowledge/math.g1_l7.knowledge_lv1_seed2.yaml",
    "/Users/koki/workspace/mongene-v2/engine_core/tests/golden/math.g1_l7.knowledge/math.g1_l7.knowledge_lv1_seed3.yaml"
  ],
  "approval": "/Users/koki/workspace/mongene-v2/engine_core/tests/golden/math.g1_l7.knowledge/approval.yaml"
}
{
  "family": "math.g1_l8.calculation",
  "golden_dir": "/Users/koki/workspace/mongene-v2/engine_core/tests/golden/math.g1_l8.calculation",
  "written": [
    "/Users/koki/workspace/mongene-v2/engine_core/tests/golden/math.g1_l8.calculation/math.g1_l8.calculation_lv1_seed1.yaml",
    "/Users/koki/workspace/mongene-v2/engine_core/tests/golden/math.g1_l8.calculation/math.g1_l8.calculation_lv1_seed2.yaml",
    "/Users/koki/workspace/mongene-v2/engine_core/tests/golden/math.g1_l8.calculation/math.g1_l8.calculation_lv1_seed3.yaml",
    "/Users/koki/workspace/mongene-v2/engine_core/tests/golden/math.g1_l8.calculation/math.g1_l8.calculation_lv2_seed1.yaml",
    "/Users/koki/workspace/mongene-v2/engine_core/tests/golden/math.g1_l8.calculation/math.g1_l8.calculation_lv2_seed2.yaml",
    "/Users/koki/workspace/mongene-v2/engine_core/tests/golden/math.g1_l8.calculation/math.g1_l8.calculation_lv2_seed3.yaml"
  ],
  "approval": "/Users/koki/workspace/mongene-v2/engine_core/tests/golden/math.g1_l8.calculation/approval.yaml"
}
{
  "family": "math.g2_l23.graph_table",
  "golden_dir": "/Users/koki/workspace/mongene-v2/engine_core/tests/golden/math.g2_l23.graph_table",
  "written": [
    "/Users/koki/workspace/mongene-v2/engine_core/tests/golden/math.g2_l23.graph_table/math.g2_l23.graph_table_lv2_seed1.yaml",
    "/Users/koki/workspace/mongene-v2/engine_core/tests/golden/math.g2_l23.graph_table/math.g2_l23.graph_table_lv2_seed2.yaml",
    "/Users/koki/workspace/mongene-v2/engine_core/tests/golden/math.g2_l23.graph_table/math.g2_l23.graph_table_lv2_seed3.yaml"
  ],
  "approval": "/Users/koki/workspace/mongene-v2/engine_core/tests/golden/math.g2_l23.graph_table/approval.yaml"
}
{
  "family": "math.g2_l23.knowledge",
  "golden_dir": "/Users/koki/workspace/mongene-v2/engine_core/tests/golden/math.g2_l23.knowledge",
  "written": [
    "/Users/koki/workspace/mongene-v2/engine_core/tests/golden/math.g2_l23.knowledge/math.g2_l23.knowledge_lv1_seed1.yaml",
    "/Users/koki/workspace/mongene-v2/engine_core/tests/golden/math.g2_l23.knowledge/math.g2_l23.knowledge_lv1_seed2.yaml",
    "/Users/koki/workspace/mongene-v2/engine_core/tests/golden/math.g2_l23.knowledge/math.g2_l23.knowledge_lv1_seed3.yaml"
  ],
  "approval": "/Users/koki/workspace/mongene-v2/engine_core/tests/golden/math.g2_l23.knowledge/approval.yaml"
}
{
  "family": "math.g2_l24.find_value",
  "golden_dir": "/Users/koki/workspace/mongene-v2/engine_core/tests/golden/math.g2_l24.find_value",
  "written": [
    "/Users/koki/workspace/mongene-v2/engine_core/tests/golden/math.g2_l24.find_value/math.g2_l24.find_value_lv1_seed1.yaml",
    "/Users/koki/workspace/mongene-v2/engine_core/tests/golden/math.g2_l24.find_value/math.g2_l24.find_value_lv1_seed2.yaml",
    "/Users/koki/workspace/mongene-v2/engine_core/tests/golden/math.g2_l24.find_value/math.g2_l24.find_value_lv1_seed3.yaml",
    "/Users/koki/workspace/mongene-v2/engine_core/tests/golden/math.g2_l24.find_value/math.g2_l24.find_value_lv3_seed1.yaml",
    "/Users/koki/workspace/mongene-v2/engine_core/tests/golden/math.g2_l24.find_value/math.g2_l24.find_value_lv3_seed2.yaml",
    "/Users/koki/workspace/mongene-v2/engine_core/tests/golden/math.g2_l24.find_value/math.g2_l24.find_value_lv3_seed3.yaml"
  ],
  "approval": "/Users/koki/workspace/mongene-v2/engine_core/tests/golden/math.g2_l24.find_value/approval.yaml"
}
{
  "family": "math.g2_l25.find_value",
  "golden_dir": "/Users/koki/workspace/mongene-v2/engine_core/tests/golden/math.g2_l25.find_value",
  "written": [
    "/Users/koki/workspace/mongene-v2/engine_core/tests/golden/math.g2_l25.find_value/math.g2_l25.find_value_lv2_seed1.yaml",
    "/Users/koki/workspace/mongene-v2/engine_core/tests/golden/math.g2_l25.find_value/math.g2_l25.find_value_lv2_seed2.yaml",
    "/Users/koki/workspace/mongene-v2/engine_core/tests/golden/math.g2_l25.find_value/math.g2_l25.find_value_lv2_seed3.yaml",
    "/Users/koki/workspace/mongene-v2/engine_core/tests/golden/math.g2_l25.find_value/math.g2_l25.find_value_lv3_seed1.yaml",
    "/Users/koki/workspace/mongene-v2/engine_core/tests/golden/math.g2_l25.find_value/math.g2_l25.find_value_lv3_seed2.yaml",
    "/Users/koki/workspace/mongene-v2/engine_core/tests/golden/math.g2_l25.find_value/math.g2_l25.find_value_lv3_seed3.yaml"
  ],
  "approval": "/Users/koki/workspace/mongene-v2/engine_core/tests/golden/math.g2_l25.find_value/approval.yaml"
}
{
  "family": "math.g1_l57.calculation",
  "golden_dir": "/Users/koki/workspace/mongene-v2/engine_core/tests/golden/math.g1_l57.calculation",
  "written": [
    "/Users/koki/workspace/mongene-v2/engine_core/tests/golden/math.g1_l57.calculation/math.g1_l57.calculation_lv1_seed1.yaml",
    "/Users/koki/workspace/mongene-v2/engine_core/tests/golden/math.g1_l57.calculation/math.g1_l57.calculation_lv1_seed2.yaml",
    "/Users/koki/workspace/mongene-v2/engine_core/tests/golden/math.g1_l57.calculation/math.g1_l57.calculation_lv1_seed3.yaml",
    "/Users/koki/workspace/mongene-v2/engine_core/tests/golden/math.g1_l57.calculation/math.g1_l57.calculation_lv2_seed1.yaml",
    "/Users/koki/workspace/mongene-v2/engine_core/tests/golden/math.g1_l57.calculation/math.g1_l57.calculation_lv2_seed2.yaml",
    "/Users/koki/workspace/mongene-v2/engine_core/tests/golden/math.g1_l57.calculation/math.g1_l57.calculation_lv2_seed3.yaml"
  ],
  "approval": "/Users/koki/workspace/mongene-v2/engine_core/tests/golden/math.g1_l57.calculation/approval.yaml"
}
{
  "family": "math.g1_l57.knowledge",
  "golden_dir": "/Users/koki/workspace/mongene-v2/engine_core/tests/golden/math.g1_l57.knowledge",
  "written": [
    "/Users/koki/workspace/mongene-v2/engine_core/tests/golden/math.g1_l57.knowledge/math.g1_l57.knowledge_lv1_seed1.yaml",
    "/Users/koki/workspace/mongene-v2/engine_core/tests/golden/math.g1_l57.knowledge/math.g1_l57.knowledge_lv1_seed2.yaml",
    "/Users/koki/workspace/mongene-v2/engine_core/tests/golden/math.g1_l57.knowledge/math.g1_l57.knowledge_lv1_seed3.yaml",
    "/Users/koki/workspace/mongene-v2/engine_core/tests/golden/math.g1_l57.knowledge/math.g1_l57.knowledge_lv2_seed1.yaml",
    "/Users/koki/workspace/mongene-v2/engine_core/tests/golden/math.g1_l57.knowledge/math.g1_l57.knowledge_lv2_seed2.yaml",
    "/Users/koki/workspace/mongene-v2/engine_core/tests/golden/math.g1_l57.knowledge/math.g1_l57.knowledge_lv2_seed3.yaml"
  ],
  "approval": "/Users/koki/workspace/mongene-v2/engine_core/tests/golden/math.g1_l57.knowledge/approval.yaml"
}
{
  "family": "math.g1_l59.calculation",
  "golden_dir": "/Users/koki/workspace/mongene-v2/engine_core/tests/golden/math.g1_l59.calculation",
  "written": [
    "/Users/koki/workspace/mongene-v2/engine_core/tests/golden/math.g1_l59.calculation/math.g1_l59.calculation_lv1_seed1.yaml",
    "/Users/koki/workspace/mongene-v2/engine_core/tests/golden/math.g1_l59.calculation/math.g1_l59.calculation_lv1_seed2.yaml",
    "/Users/koki/workspace/mongene-v2/engine_core/tests/golden/math.g1_l59.calculation/math.g1_l59.calculation_lv1_seed3.yaml"
  ],
  "approval": "/Users/koki/workspace/mongene-v2/engine_core/tests/golden/math.g1_l59.calculation/approval.yaml"
}
{
  "family": "math.g1_l59.knowledge",
  "golden_dir": "/Users/koki/workspace/mongene-v2/engine_core/tests/golden/math.g1_l59.knowledge",
  "written": [
    "/Users/koki/workspace/mongene-v2/engine_core/tests/golden/math.g1_l59.knowledge/math.g1_l59.knowledge_lv1_seed1.yaml",
    "/Users/koki/workspace/mongene-v2/engine_core/tests/golden/math.g1_l59.knowledge/math.g1_l59.knowledge_lv1_seed2.yaml",
    "/Users/koki/workspace/mongene-v2/engine_core/tests/golden/math.g1_l59.knowledge/math.g1_l59.knowledge_lv1_seed3.yaml",
    "/Users/koki/workspace/mongene-v2/engine_core/tests/golden/math.g1_l59.knowledge/math.g1_l59.knowledge_lv2_seed1.yaml",
    "/Users/koki/workspace/mongene-v2/engine_core/tests/golden/math.g1_l59.knowledge/math.g1_l59.knowledge_lv2_seed2.yaml",
    "/Users/koki/workspace/mongene-v2/engine_core/tests/golden/math.g1_l59.knowledge/math.g1_l59.knowledge_lv2_seed3.yaml"
  ],
  "approval": "/Users/koki/workspace/mongene-v2/engine_core/tests/golden/math.g1_l59.knowledge/approval.yaml"
}
{
  "family": "math.g2_l19.calculation",
  "golden_dir": "/Users/koki/workspace/mongene-v2/engine_core/tests/golden/math.g2_l19.calculation",
  "written": [
    "/Users/koki/workspace/mongene-v2/engine_core/tests/golden/math.g2_l19.calculation/math.g2_l19.calculation_lv1_seed1.yaml",
    "/Users/koki/workspace/mongene-v2/engine_core/tests/golden/math.g2_l19.calculation/math.g2_l19.calculation_lv1_seed2.yaml",
    "/Users/koki/workspace/mongene-v2/engine_core/tests/golden/math.g2_l19.calculation/math.g2_l19.calculation_lv1_seed3.yaml"
  ],
  "approval": "/Users/koki/workspace/mongene-v2/engine_core/tests/golden/math.g2_l19.calculation/approval.yaml"
}
{
  "family": "math.g2_l19.knowledge",
  "golden_dir": "/Users/koki/workspace/mongene-v2/engine_core/tests/golden/math.g2_l19.knowledge",
  "written": [
    "/Users/koki/workspace/mongene-v2/engine_core/tests/golden/math.g2_l19.knowledge/math.g2_l19.knowledge_lv1_seed1.yaml",
    "/Users/koki/workspace/mongene-v2/engine_core/tests/golden/math.g2_l19.knowledge/math.g2_l19.knowledge_lv1_seed2.yaml",
    "/Users/koki/workspace/mongene-v2/engine_core/tests/golden/math.g2_l19.knowledge/math.g2_l19.knowledge_lv1_seed3.yaml",
    "/Users/koki/workspace/mongene-v2/engine_core/tests/golden/math.g2_l19.knowledge/math.g2_l19.knowledge_lv2_seed1.yaml",
    "/Users/koki/workspace/mongene-v2/engine_core/tests/golden/math.g2_l19.knowledge/math.g2_l19.knowledge_lv2_seed2.yaml",
    "/Users/koki/workspace/mongene-v2/engine_core/tests/golden/math.g2_l19.knowledge/math.g2_l19.knowledge_lv2_seed3.yaml"
  ],
  "approval": "/Users/koki/workspace/mongene-v2/engine_core/tests/golden/math.g2_l19.knowledge/approval.yaml"
}
{
  "family": "math.g2_l2.calculation",
  "golden_dir": "/Users/koki/workspace/mongene-v2/engine_core/tests/golden/math.g2_l2.calculation",
  "written": [
    "/Users/koki/workspace/mongene-v2/engine_core/tests/golden/math.g2_l2.calculation/math.g2_l2.calculation_lv1_seed1.yaml",
    "/Users/koki/workspace/mongene-v2/engine_core/tests/golden/math.g2_l2.calculation/math.g2_l2.calculation_lv1_seed2.yaml",
    "/Users/koki/workspace/mongene-v2/engine_core/tests/golden/math.g2_l2.calculation/math.g2_l2.calculation_lv1_seed3.yaml",
    "/Users/koki/workspace/mongene-v2/engine_core/tests/golden/math.g2_l2.calculation/math.g2_l2.calculation_lv2_seed1.yaml",
    "/Users/koki/workspace/mongene-v2/engine_core/tests/golden/math.g2_l2.calculation/math.g2_l2.calculation_lv2_seed2.yaml",
    "/Users/koki/workspace/mongene-v2/engine_core/tests/golden/math.g2_l2.calculation/math.g2_l2.calculation_lv2_seed3.yaml"
  ],
  "approval": "/Users/koki/workspace/mongene-v2/engine_core/tests/golden/math.g2_l2.calculation/approval.yaml"
}
{
  "family": "math.g2_l2.knowledge",
  "golden_dir": "/Users/koki/workspace/mongene-v2/engine_core/tests/golden/math.g2_l2.knowledge",
  "written": [
    "/Users/koki/workspace/mongene-v2/engine_core/tests/golden/math.g2_l2.knowledge/math.g2_l2.knowledge_lv1_seed1.yaml",
    "/Users/koki/workspace/mongene-v2/engine_core/tests/golden/math.g2_l2.knowledge/math.g2_l2.knowledge_lv1_seed2.yaml",
    "/Users/koki/workspace/mongene-v2/engine_core/tests/golden/math.g2_l2.knowledge/math.g2_l2.knowledge_lv1_seed3.yaml"
  ],
  "approval": "/Users/koki/workspace/mongene-v2/engine_core/tests/golden/math.g2_l2.knowledge/approval.yaml"
}
{
  "family": "math.g2_l30.find_value",
  "golden_dir": "/Users/koki/workspace/mongene-v2/engine_core/tests/golden/math.g2_l30.find_value",
  "written": [
    "/Users/koki/workspace/mongene-v2/engine_core/tests/golden/math.g2_l30.find_value/math.g2_l30.find_value_lv2_seed1.yaml",
    "/Users/koki/workspace/mongene-v2/engine_core/tests/golden/math.g2_l30.find_value/math.g2_l30.find_value_lv2_seed2.yaml",
    "/Users/koki/workspace/mongene-v2/engine_core/tests/golden/math.g2_l30.find_value/math.g2_l30.find_value_lv2_seed3.yaml",
    "/Users/koki/workspace/mongene-v2/engine_core/tests/golden/math.g2_l30.find_value/math.g2_l30.find_value_lv3_seed1.yaml",
    "/Users/koki/workspace/mongene-v2/engine_core/tests/golden/math.g2_l30.find_value/math.g2_l30.find_value_lv3_seed2.yaml",
    "/Users/koki/workspace/mongene-v2/engine_core/tests/golden/math.g2_l30.find_value/math.g2_l30.find_value_lv3_seed3.yaml"
  ],
  "approval": "/Users/koki/workspace/mongene-v2/engine_core/tests/golden/math.g2_l30.find_value/approval.yaml"
}
{
  "family": "math.g2_l30.graph_table",
  "golden_dir": "/Users/koki/workspace/mongene-v2/engine_core/tests/golden/math.g2_l30.graph_table",
  "written": [
    "/Users/koki/workspace/mongene-v2/engine_core/tests/golden/math.g2_l30.graph_table/math.g2_l30.graph_table_lv2_seed1.yaml",
    "/Users/koki/workspace/mongene-v2/engine_core/tests/golden/math.g2_l30.graph_table/math.g2_l30.graph_table_lv2_seed2.yaml",
    "/Users/koki/workspace/mongene-v2/engine_core/tests/golden/math.g2_l30.graph_table/math.g2_l30.graph_table_lv2_seed3.yaml"
  ],
  "approval": "/Users/koki/workspace/mongene-v2/engine_core/tests/golden/math.g2_l30.graph_table/approval.yaml"
}
{
  "family": "math.g1_l43.knowledge",
  "golden_dir": "/Users/koki/workspace/mongene-v2/engine_core/tests/golden/math.g1_l43.knowledge",
  "written": [
    "/Users/koki/workspace/mongene-v2/engine_core/tests/golden/math.g1_l43.knowledge/math.g1_l43.knowledge_lv1_seed1.yaml",
    "/Users/koki/workspace/mongene-v2/engine_core/tests/golden/math.g1_l43.knowledge/math.g1_l43.knowledge_lv1_seed2.yaml",
    "/Users/koki/workspace/mongene-v2/engine_core/tests/golden/math.g1_l43.knowledge/math.g1_l43.knowledge_lv1_seed3.yaml"
  ],
  "approval": "/Users/koki/workspace/mongene-v2/engine_core/tests/golden/math.g1_l43.knowledge/approval.yaml"
}
{
  "family": "math.g1_l59.word_problem",
  "golden_dir": "/Users/koki/workspace/mongene-v2/engine_core/tests/golden/math.g1_l59.word_problem",
  "written": [
    "/Users/koki/workspace/mongene-v2/engine_core/tests/golden/math.g1_l59.word_problem/math.g1_l59.word_problem_lv2_seed1.yaml",
    "/Users/koki/workspace/mongene-v2/engine_core/tests/golden/math.g1_l59.word_problem/math.g1_l59.word_problem_lv2_seed2.yaml",
    "/Users/koki/workspace/mongene-v2/engine_core/tests/golden/math.g1_l59.word_problem/math.g1_l59.word_problem_lv2_seed3.yaml",
    "/Users/koki/workspace/mongene-v2/engine_core/tests/golden/math.g1_l59.word_problem/math.g1_l59.word_problem_lv3_seed1.yaml",
    "/Users/koki/workspace/mongene-v2/engine_core/tests/golden/math.g1_l59.word_problem/math.g1_l59.word_problem_lv3_seed2.yaml",
    "/Users/koki/workspace/mongene-v2/engine_core/tests/golden/math.g1_l59.word_problem/math.g1_l59.word_problem_lv3_seed3.yaml"
  ],
  "approval": "/Users/koki/workspace/mongene-v2/engine_core/tests/golden/math.g1_l59.word_problem/approval.yaml"
}
{
  "family": "math.g1_l6.calculation",
  "golden_dir": "/Users/koki/workspace/mongene-v2/engine_core/tests/golden/math.g1_l6.calculation",
  "written": [
    "/Users/koki/workspace/mongene-v2/engine_core/tests/golden/math.g1_l6.calculation/math.g1_l6.calculation_lv1_seed1.yaml",
    "/Users/koki/workspace/mongene-v2/engine_core/tests/golden/math.g1_l6.calculation/math.g1_l6.calculation_lv1_seed2.yaml",
    "/Users/koki/workspace/mongene-v2/engine_core/tests/golden/math.g1_l6.calculation/math.g1_l6.calculation_lv1_seed3.yaml",
    "/Users/koki/workspace/mongene-v2/engine_core/tests/golden/math.g1_l6.calculation/math.g1_l6.calculation_lv2_seed1.yaml",
    "/Users/koki/workspace/mongene-v2/engine_core/tests/golden/math.g1_l6.calculation/math.g1_l6.calculation_lv2_seed2.yaml",
    "/Users/koki/workspace/mongene-v2/engine_core/tests/golden/math.g1_l6.calculation/math.g1_l6.calculation_lv2_seed3.yaml"
  ],
  "approval": "/Users/koki/workspace/mongene-v2/engine_core/tests/golden/math.g1_l6.calculation/approval.yaml"
}
{
  "family": "math.g1_l6.knowledge",
  "golden_dir": "/Users/koki/workspace/mongene-v2/engine_core/tests/golden/math.g1_l6.knowledge",
  "written": [
    "/Users/koki/workspace/mongene-v2/engine_core/tests/golden/math.g1_l6.knowledge/math.g1_l6.knowledge_lv1_seed1.yaml",
    "/Users/koki/workspace/mongene-v2/engine_core/tests/golden/math.g1_l6.knowledge/math.g1_l6.knowledge_lv1_seed2.yaml",
    "/Users/koki/workspace/mongene-v2/engine_core/tests/golden/math.g1_l6.knowledge/math.g1_l6.knowledge_lv1_seed3.yaml"
  ],
  "approval": "/Users/koki/workspace/mongene-v2/engine_core/tests/golden/math.g1_l6.knowledge/approval.yaml"
}
{
  "family": "math.g1_l60.calculation",
  "golden_dir": "/Users/koki/workspace/mongene-v2/engine_core/tests/golden/math.g1_l60.calculation",
  "written": [
    "/Users/koki/workspace/mongene-v2/engine_core/tests/golden/math.g1_l60.calculation/math.g1_l60.calculation_lv1_seed1.yaml",
    "/Users/koki/workspace/mongene-v2/engine_core/tests/golden/math.g1_l60.calculation/math.g1_l60.calculation_lv1_seed2.yaml",
    "/Users/koki/workspace/mongene-v2/engine_core/tests/golden/math.g1_l60.calculation/math.g1_l60.calculation_lv1_seed3.yaml",
    "/Users/koki/workspace/mongene-v2/engine_core/tests/golden/math.g1_l60.calculation/math.g1_l60.calculation_lv2_seed1.yaml",
    "/Users/koki/workspace/mongene-v2/engine_core/tests/golden/math.g1_l60.calculation/math.g1_l60.calculation_lv2_seed2.yaml",
    "/Users/koki/workspace/mongene-v2/engine_core/tests/golden/math.g1_l60.calculation/math.g1_l60.calculation_lv2_seed3.yaml"
  ],
  "approval": "/Users/koki/workspace/mongene-v2/engine_core/tests/golden/math.g1_l60.calculation/approval.yaml"
}
{
  "family": "math.g2_l20.find_value",
  "golden_dir": "/Users/koki/workspace/mongene-v2/engine_core/tests/golden/math.g2_l20.find_value",
  "written": [
    "/Users/koki/workspace/mongene-v2/engine_core/tests/golden/math.g2_l20.find_value/math.g2_l20.find_value_lv1_seed1.yaml",
    "/Users/koki/workspace/mongene-v2/engine_core/tests/golden/math.g2_l20.find_value/math.g2_l20.find_value_lv1_seed2.yaml",
    "/Users/koki/workspace/mongene-v2/engine_core/tests/golden/math.g2_l20.find_value/math.g2_l20.find_value_lv1_seed3.yaml"
  ],
  "approval": "/Users/koki/workspace/mongene-v2/engine_core/tests/golden/math.g2_l20.find_value/approval.yaml"
}
{
  "family": "math.g2_l20.knowledge",
  "golden_dir": "/Users/koki/workspace/mongene-v2/engine_core/tests/golden/math.g2_l20.knowledge",
  "written": [
    "/Users/koki/workspace/mongene-v2/engine_core/tests/golden/math.g2_l20.knowledge/math.g2_l20.knowledge_lv1_seed1.yaml",
    "/Users/koki/workspace/mongene-v2/engine_core/tests/golden/math.g2_l20.knowledge/math.g2_l20.knowledge_lv1_seed2.yaml",
    "/Users/koki/workspace/mongene-v2/engine_core/tests/golden/math.g2_l20.knowledge/math.g2_l20.knowledge_lv1_seed3.yaml"
  ],
  "approval": "/Users/koki/workspace/mongene-v2/engine_core/tests/golden/math.g2_l20.knowledge/approval.yaml"
}
{
  "family": "math.g2_l21.calculation",
  "golden_dir": "/Users/koki/workspace/mongene-v2/engine_core/tests/golden/math.g2_l21.calculation",
  "written": [
    "/Users/koki/workspace/mongene-v2/engine_core/tests/golden/math.g2_l21.calculation/math.g2_l21.calculation_lv1_seed1.yaml",
    "/Users/koki/workspace/mongene-v2/engine_core/tests/golden/math.g2_l21.calculation/math.g2_l21.calculation_lv1_seed2.yaml",
    "/Users/koki/workspace/mongene-v2/engine_core/tests/golden/math.g2_l21.calculation/math.g2_l21.calculation_lv1_seed3.yaml"
  ],
  "approval": "/Users/koki/workspace/mongene-v2/engine_core/tests/golden/math.g2_l21.calculation/approval.yaml"
}
{
  "family": "math.g2_l21.graph_table",
  "golden_dir": "/Users/koki/workspace/mongene-v2/engine_core/tests/golden/math.g2_l21.graph_table",
  "written": [
    "/Users/koki/workspace/mongene-v2/engine_core/tests/golden/math.g2_l21.graph_table/math.g2_l21.graph_table_lv1_seed1.yaml",
    "/Users/koki/workspace/mongene-v2/engine_core/tests/golden/math.g2_l21.graph_table/math.g2_l21.graph_table_lv1_seed2.yaml",
    "/Users/koki/workspace/mongene-v2/engine_core/tests/golden/math.g2_l21.graph_table/math.g2_l21.graph_table_lv1_seed3.yaml"
  ],
  "approval": "/Users/koki/workspace/mongene-v2/engine_core/tests/golden/math.g2_l21.graph_table/approval.yaml"
}
{
  "family": "math.g2_l28.graph_table",
  "golden_dir": "/Users/koki/workspace/mongene-v2/engine_core/tests/golden/math.g2_l28.graph_table",
  "written": [
    "/Users/koki/workspace/mongene-v2/engine_core/tests/golden/math.g2_l28.graph_table/math.g2_l28.graph_table_lv2_seed1.yaml",
    "/Users/koki/workspace/mongene-v2/engine_core/tests/golden/math.g2_l28.graph_table/math.g2_l28.graph_table_lv2_seed2.yaml",
    "/Users/koki/workspace/mongene-v2/engine_core/tests/golden/math.g2_l28.graph_table/math.g2_l28.graph_table_lv2_seed3.yaml"
  ],
  "approval": "/Users/koki/workspace/mongene-v2/engine_core/tests/golden/math.g2_l28.graph_table/approval.yaml"
}
{
  "family": "math.g2_l28.word_problem",
  "golden_dir": "/Users/koki/workspace/mongene-v2/engine_core/tests/golden/math.g2_l28.word_problem",
  "written": [
    "/Users/koki/workspace/mongene-v2/engine_core/tests/golden/math.g2_l28.word_problem/math.g2_l28.word_problem_lv2_seed1.yaml",
    "/Users/koki/workspace/mongene-v2/engine_core/tests/golden/math.g2_l28.word_problem/math.g2_l28.word_problem_lv2_seed2.yaml",
    "/Users/koki/workspace/mongene-v2/engine_core/tests/golden/math.g2_l28.word_problem/math.g2_l28.word_problem_lv2_seed3.yaml",
    "/Users/koki/workspace/mongene-v2/engine_core/tests/golden/math.g2_l28.word_problem/math.g2_l28.word_problem_lv3_seed1.yaml",
    "/Users/koki/workspace/mongene-v2/engine_core/tests/golden/math.g2_l28.word_problem/math.g2_l28.word_problem_lv3_seed2.yaml",
    "/Users/koki/workspace/mongene-v2/engine_core/tests/golden/math.g2_l28.word_problem/math.g2_l28.word_problem_lv3_seed3.yaml",
    "/Users/koki/workspace/mongene-v2/engine_core/tests/golden/math.g2_l28.word_problem/math.g2_l28.word_problem_lv4_seed1.yaml",
    "/Users/koki/workspace/mongene-v2/engine_core/tests/golden/math.g2_l28.word_problem/math.g2_l28.word_problem_lv4_seed2.yaml",
    "/Users/koki/workspace/mongene-v2/engine_core/tests/golden/math.g2_l28.word_problem/math.g2_l28.word_problem_lv4_seed3.yaml"
  ],
  "approval": "/Users/koki/workspace/mongene-v2/engine_core/tests/golden/math.g2_l28.word_problem/approval.yaml"
}
{
  "family": "math.g1_l38.knowledge",
  "golden_dir": "/Users/koki/workspace/mongene-v2/engine_core/tests/golden/math.g1_l38.knowledge",
  "written": [
    "/Users/koki/workspace/mongene-v2/engine_core/tests/golden/math.g1_l38.knowledge/math.g1_l38.knowledge_lv1_seed1.yaml",
    "/Users/koki/workspace/mongene-v2/engine_core/tests/golden/math.g1_l38.knowledge/math.g1_l38.knowledge_lv1_seed2.yaml",
    "/Users/koki/workspace/mongene-v2/engine_core/tests/golden/math.g1_l38.knowledge/math.g1_l38.knowledge_lv1_seed3.yaml"
  ],
  "approval": "/Users/koki/workspace/mongene-v2/engine_core/tests/golden/math.g1_l38.knowledge/approval.yaml"
}
{
  "family": "math.g1_l39.graph_table",
  "golden_dir": "/Users/koki/workspace/mongene-v2/engine_core/tests/golden/math.g1_l39.graph_table",
  "written": [
    "/Users/koki/workspace/mongene-v2/engine_core/tests/golden/math.g1_l39.graph_table/math.g1_l39.graph_table_lv1_seed1.yaml",
    "/Users/koki/workspace/mongene-v2/engine_core/tests/golden/math.g1_l39.graph_table/math.g1_l39.graph_table_lv1_seed2.yaml",
    "/Users/koki/workspace/mongene-v2/engine_core/tests/golden/math.g1_l39.graph_table/math.g1_l39.graph_table_lv1_seed3.yaml",
    "/Users/koki/workspace/mongene-v2/engine_core/tests/golden/math.g1_l39.graph_table/math.g1_l39.graph_table_lv2_seed1.yaml",
    "/Users/koki/workspace/mongene-v2/engine_core/tests/golden/math.g1_l39.graph_table/math.g1_l39.graph_table_lv2_seed2.yaml",
    "/Users/koki/workspace/mongene-v2/engine_core/tests/golden/math.g1_l39.graph_table/math.g1_l39.graph_table_lv2_seed3.yaml",
    "/Users/koki/workspace/mongene-v2/engine_core/tests/golden/math.g1_l39.graph_table/math.g1_l39.graph_table_lv3_seed1.yaml",
    "/Users/koki/workspace/mongene-v2/engine_core/tests/golden/math.g1_l39.graph_table/math.g1_l39.graph_table_lv3_seed2.yaml",
    "/Users/koki/workspace/mongene-v2/engine_core/tests/golden/math.g1_l39.graph_table/math.g1_l39.graph_table_lv3_seed3.yaml"
  ],
  "approval": "/Users/koki/workspace/mongene-v2/engine_core/tests/golden/math.g1_l39.graph_table/approval.yaml"
}
{
  "family": "math.g2_l12.calculation",
  "golden_dir": "/Users/koki/workspace/mongene-v2/engine_core/tests/golden/math.g2_l12.calculation",
  "written": [
    "/Users/koki/workspace/mongene-v2/engine_core/tests/golden/math.g2_l12.calculation/math.g2_l12.calculation_lv2_seed1.yaml",
    "/Users/koki/workspace/mongene-v2/engine_core/tests/golden/math.g2_l12.calculation/math.g2_l12.calculation_lv2_seed2.yaml",
    "/Users/koki/workspace/mongene-v2/engine_core/tests/golden/math.g2_l12.calculation/math.g2_l12.calculation_lv2_seed3.yaml",
    "/Users/koki/workspace/mongene-v2/engine_core/tests/golden/math.g2_l12.calculation/math.g2_l12.calculation_lv3_seed1.yaml",
    "/Users/koki/workspace/mongene-v2/engine_core/tests/golden/math.g2_l12.calculation/math.g2_l12.calculation_lv3_seed2.yaml",
    "/Users/koki/workspace/mongene-v2/engine_core/tests/golden/math.g2_l12.calculation/math.g2_l12.calculation_lv3_seed3.yaml"
  ],
  "approval": "/Users/koki/workspace/mongene-v2/engine_core/tests/golden/math.g2_l12.calculation/approval.yaml"
}
{
  "family": "math.g2_l13.calculation",
  "golden_dir": "/Users/koki/workspace/mongene-v2/engine_core/tests/golden/math.g2_l13.calculation",
  "written": [
    "/Users/koki/workspace/mongene-v2/engine_core/tests/golden/math.g2_l13.calculation/math.g2_l13.calculation_lv1_seed1.yaml",
    "/Users/koki/workspace/mongene-v2/engine_core/tests/golden/math.g2_l13.calculation/math.g2_l13.calculation_lv1_seed2.yaml",
    "/Users/koki/workspace/mongene-v2/engine_core/tests/golden/math.g2_l13.calculation/math.g2_l13.calculation_lv1_seed3.yaml",
    "/Users/koki/workspace/mongene-v2/engine_core/tests/golden/math.g2_l13.calculation/math.g2_l13.calculation_lv2_seed1.yaml",
    "/Users/koki/workspace/mongene-v2/engine_core/tests/golden/math.g2_l13.calculation/math.g2_l13.calculation_lv2_seed2.yaml",
    "/Users/koki/workspace/mongene-v2/engine_core/tests/golden/math.g2_l13.calculation/math.g2_l13.calculation_lv2_seed3.yaml"
  ],
  "approval": "/Users/koki/workspace/mongene-v2/engine_core/tests/golden/math.g2_l13.calculation/approval.yaml"
}
{
  "family": "math.g2_l14.calculation",
  "golden_dir": "/Users/koki/workspace/mongene-v2/engine_core/tests/golden/math.g2_l14.calculation",
  "written": [
    "/Users/koki/workspace/mongene-v2/engine_core/tests/golden/math.g2_l14.calculation/math.g2_l14.calculation_lv2_seed1.yaml",
    "/Users/koki/workspace/mongene-v2/engine_core/tests/golden/math.g2_l14.calculation/math.g2_l14.calculation_lv2_seed2.yaml",
    "/Users/koki/workspace/mongene-v2/engine_core/tests/golden/math.g2_l14.calculation/math.g2_l14.calculation_lv2_seed3.yaml",
    "/Users/koki/workspace/mongene-v2/engine_core/tests/golden/math.g2_l14.calculation/math.g2_l14.calculation_lv3_seed1.yaml",
    "/Users/koki/workspace/mongene-v2/engine_core/tests/golden/math.g2_l14.calculation/math.g2_l14.calculation_lv3_seed2.yaml",
    "/Users/koki/workspace/mongene-v2/engine_core/tests/golden/math.g2_l14.calculation/math.g2_l14.calculation_lv3_seed3.yaml"
  ],
  "approval": "/Users/koki/workspace/mongene-v2/engine_core/tests/golden/math.g2_l14.calculation/approval.yaml"
}
{
  "family": "math.g2_l15.calculation",
  "golden_dir": "/Users/koki/workspace/mongene-v2/engine_core/tests/golden/math.g2_l15.calculation",
  "written": [
    "/Users/koki/workspace/mongene-v2/engine_core/tests/golden/math.g2_l15.calculation/math.g2_l15.calculation_lv2_seed1.yaml",
    "/Users/koki/workspace/mongene-v2/engine_core/tests/golden/math.g2_l15.calculation/math.g2_l15.calculation_lv2_seed2.yaml",
    "/Users/koki/workspace/mongene-v2/engine_core/tests/golden/math.g2_l15.calculation/math.g2_l15.calculation_lv2_seed3.yaml"
  ],
  "approval": "/Users/koki/workspace/mongene-v2/engine_core/tests/golden/math.g2_l15.calculation/approval.yaml"
}
{
  "family": "math.g2_l27.find_value",
  "golden_dir": "/Users/koki/workspace/mongene-v2/engine_core/tests/golden/math.g2_l27.find_value",
  "written": [
    "/Users/koki/workspace/mongene-v2/engine_core/tests/golden/math.g2_l27.find_value/math.g2_l27.find_value_lv2_seed1.yaml",
    "/Users/koki/workspace/mongene-v2/engine_core/tests/golden/math.g2_l27.find_value/math.g2_l27.find_value_lv2_seed2.yaml",
    "/Users/koki/workspace/mongene-v2/engine_core/tests/golden/math.g2_l27.find_value/math.g2_l27.find_value_lv2_seed3.yaml",
    "/Users/koki/workspace/mongene-v2/engine_core/tests/golden/math.g2_l27.find_value/math.g2_l27.find_value_lv3_seed1.yaml",
    "/Users/koki/workspace/mongene-v2/engine_core/tests/golden/math.g2_l27.find_value/math.g2_l27.find_value_lv3_seed2.yaml",
    "/Users/koki/workspace/mongene-v2/engine_core/tests/golden/math.g2_l27.find_value/math.g2_l27.find_value_lv3_seed3.yaml"
  ],
  "approval": "/Users/koki/workspace/mongene-v2/engine_core/tests/golden/math.g2_l27.find_value/approval.yaml"
}
{
  "family": "math.g2_l27.graph_table",
  "golden_dir": "/Users/koki/workspace/mongene-v2/engine_core/tests/golden/math.g2_l27.graph_table",
  "written": [
    "/Users/koki/workspace/mongene-v2/engine_core/tests/golden/math.g2_l27.graph_table/math.g2_l27.graph_table_lv2_seed1.yaml",
    "/Users/koki/workspace/mongene-v2/engine_core/tests/golden/math.g2_l27.graph_table/math.g2_l27.graph_table_lv2_seed2.yaml",
    "/Users/koki/workspace/mongene-v2/engine_core/tests/golden/math.g2_l27.graph_table/math.g2_l27.graph_table_lv2_seed3.yaml"
  ],
  "approval": "/Users/koki/workspace/mongene-v2/engine_core/tests/golden/math.g2_l27.graph_table/approval.yaml"
}
{
  "family": "math.g2_l27.knowledge",
  "golden_dir": "/Users/koki/workspace/mongene-v2/engine_core/tests/golden/math.g2_l27.knowledge",
  "written": [
    "/Users/koki/workspace/mongene-v2/engine_core/tests/golden/math.g2_l27.knowledge/math.g2_l27.knowledge_lv1_seed1.yaml",
    "/Users/koki/workspace/mongene-v2/engine_core/tests/golden/math.g2_l27.knowledge/math.g2_l27.knowledge_lv1_seed2.yaml",
    "/Users/koki/workspace/mongene-v2/engine_core/tests/golden/math.g2_l27.knowledge/math.g2_l27.knowledge_lv1_seed3.yaml"
  ],
  "approval": "/Users/koki/workspace/mongene-v2/engine_core/tests/golden/math.g2_l27.knowledge/approval.yaml"
}
{
  "family": "math.g2_l28.calculation",
  "golden_dir": "/Users/koki/workspace/mongene-v2/engine_core/tests/golden/math.g2_l28.calculation",
  "written": [
    "/Users/koki/workspace/mongene-v2/engine_core/tests/golden/math.g2_l28.calculation/math.g2_l28.calculation_lv1_seed1.yaml",
    "/Users/koki/workspace/mongene-v2/engine_core/tests/golden/math.g2_l28.calculation/math.g2_l28.calculation_lv1_seed2.yaml",
    "/Users/koki/workspace/mongene-v2/engine_core/tests/golden/math.g2_l28.calculation/math.g2_l28.calculation_lv1_seed3.yaml"
  ],
  "approval": "/Users/koki/workspace/mongene-v2/engine_core/tests/golden/math.g2_l28.calculation/approval.yaml"
}
{
  "family": "math.g1_l55.knowledge",
  "golden_dir": "/Users/koki/workspace/mongene-v2/engine_core/tests/golden/math.g1_l55.knowledge",
  "written": [
    "/Users/koki/workspace/mongene-v2/engine_core/tests/golden/math.g1_l55.knowledge/math.g1_l55.knowledge_lv1_seed1.yaml",
    "/Users/koki/workspace/mongene-v2/engine_core/tests/golden/math.g1_l55.knowledge/math.g1_l55.knowledge_lv1_seed2.yaml",
    "/Users/koki/workspace/mongene-v2/engine_core/tests/golden/math.g1_l55.knowledge/math.g1_l55.knowledge_lv1_seed3.yaml"
  ],
  "approval": "/Users/koki/workspace/mongene-v2/engine_core/tests/golden/math.g1_l55.knowledge/approval.yaml"
}
{
  "family": "math.g1_l56.calculation",
  "golden_dir": "/Users/koki/workspace/mongene-v2/engine_core/tests/golden/math.g1_l56.calculation",
  "written": [
    "/Users/koki/workspace/mongene-v2/engine_core/tests/golden/math.g1_l56.calculation/math.g1_l56.calculation_lv1_seed1.yaml",
    "/Users/koki/workspace/mongene-v2/engine_core/tests/golden/math.g1_l56.calculation/math.g1_l56.calculation_lv1_seed2.yaml",
    "/Users/koki/workspace/mongene-v2/engine_core/tests/golden/math.g1_l56.calculation/math.g1_l56.calculation_lv1_seed3.yaml",
    "/Users/koki/workspace/mongene-v2/engine_core/tests/golden/math.g1_l56.calculation/math.g1_l56.calculation_lv2_seed1.yaml",
    "/Users/koki/workspace/mongene-v2/engine_core/tests/golden/math.g1_l56.calculation/math.g1_l56.calculation_lv2_seed2.yaml",
    "/Users/koki/workspace/mongene-v2/engine_core/tests/golden/math.g1_l56.calculation/math.g1_l56.calculation_lv2_seed3.yaml"
  ],
  "approval": "/Users/koki/workspace/mongene-v2/engine_core/tests/golden/math.g1_l56.calculation/approval.yaml"
}
{
  "family": "math.g1_l56.knowledge",
  "golden_dir": "/Users/koki/workspace/mongene-v2/engine_core/tests/golden/math.g1_l56.knowledge",
  "written": [
    "/Users/koki/workspace/mongene-v2/engine_core/tests/golden/math.g1_l56.knowledge/math.g1_l56.knowledge_lv1_seed1.yaml",
    "/Users/koki/workspace/mongene-v2/engine_core/tests/golden/math.g1_l56.knowledge/math.g1_l56.knowledge_lv1_seed2.yaml",
    "/Users/koki/workspace/mongene-v2/engine_core/tests/golden/math.g1_l56.knowledge/math.g1_l56.knowledge_lv1_seed3.yaml"
  ],
  "approval": "/Users/koki/workspace/mongene-v2/engine_core/tests/golden/math.g1_l56.knowledge/approval.yaml"
}
{
  "family": "math.g2_l16.calculation",
  "golden_dir": "/Users/koki/workspace/mongene-v2/engine_core/tests/golden/math.g2_l16.calculation",
  "written": [
    "/Users/koki/workspace/mongene-v2/engine_core/tests/golden/math.g2_l16.calculation/math.g2_l16.calculation_lv1_seed1.yaml",
    "/Users/koki/workspace/mongene-v2/engine_core/tests/golden/math.g2_l16.calculation/math.g2_l16.calculation_lv1_seed2.yaml",
    "/Users/koki/workspace/mongene-v2/engine_core/tests/golden/math.g2_l16.calculation/math.g2_l16.calculation_lv1_seed3.yaml"
  ],
  "approval": "/Users/koki/workspace/mongene-v2/engine_core/tests/golden/math.g2_l16.calculation/approval.yaml"
}
{
  "family": "math.g2_l16.word_problem",
  "golden_dir": "/Users/koki/workspace/mongene-v2/engine_core/tests/golden/math.g2_l16.word_problem",
  "written": [
    "/Users/koki/workspace/mongene-v2/engine_core/tests/golden/math.g2_l16.word_problem/math.g2_l16.word_problem_lv2_seed1.yaml",
    "/Users/koki/workspace/mongene-v2/engine_core/tests/golden/math.g2_l16.word_problem/math.g2_l16.word_problem_lv2_seed2.yaml",
    "/Users/koki/workspace/mongene-v2/engine_core/tests/golden/math.g2_l16.word_problem/math.g2_l16.word_problem_lv2_seed3.yaml",
    "/Users/koki/workspace/mongene-v2/engine_core/tests/golden/math.g2_l16.word_problem/math.g2_l16.word_problem_lv3_seed1.yaml",
    "/Users/koki/workspace/mongene-v2/engine_core/tests/golden/math.g2_l16.word_problem/math.g2_l16.word_problem_lv3_seed2.yaml",
    "/Users/koki/workspace/mongene-v2/engine_core/tests/golden/math.g2_l16.word_problem/math.g2_l16.word_problem_lv3_seed3.yaml"
  ],
  "approval": "/Users/koki/workspace/mongene-v2/engine_core/tests/golden/math.g2_l16.word_problem/approval.yaml"
}
{
  "family": "math.g2_l17.word_problem",
  "golden_dir": "/Users/koki/workspace/mongene-v2/engine_core/tests/golden/math.g2_l17.word_problem",
  "written": [
    "/Users/koki/workspace/mongene-v2/engine_core/tests/golden/math.g2_l17.word_problem/math.g2_l17.word_problem_lv2_seed1.yaml",
    "/Users/koki/workspace/mongene-v2/engine_core/tests/golden/math.g2_l17.word_problem/math.g2_l17.word_problem_lv2_seed2.yaml",
    "/Users/koki/workspace/mongene-v2/engine_core/tests/golden/math.g2_l17.word_problem/math.g2_l17.word_problem_lv2_seed3.yaml",
    "/Users/koki/workspace/mongene-v2/engine_core/tests/golden/math.g2_l17.word_problem/math.g2_l17.word_problem_lv3_seed1.yaml",
    "/Users/koki/workspace/mongene-v2/engine_core/tests/golden/math.g2_l17.word_problem/math.g2_l17.word_problem_lv3_seed2.yaml",
    "/Users/koki/workspace/mongene-v2/engine_core/tests/golden/math.g2_l17.word_problem/math.g2_l17.word_problem_lv3_seed3.yaml",
    "/Users/koki/workspace/mongene-v2/engine_core/tests/golden/math.g2_l17.word_problem/math.g2_l17.word_problem_lv4_seed1.yaml",
    "/Users/koki/workspace/mongene-v2/engine_core/tests/golden/math.g2_l17.word_problem/math.g2_l17.word_problem_lv4_seed2.yaml",
    "/Users/koki/workspace/mongene-v2/engine_core/tests/golden/math.g2_l17.word_problem/math.g2_l17.word_problem_lv4_seed3.yaml"
  ],
  "approval": "/Users/koki/workspace/mongene-v2/engine_core/tests/golden/math.g2_l17.word_problem/approval.yaml"
}
{
  "family": "math.g2_l18.word_problem",
  "golden_dir": "/Users/koki/workspace/mongene-v2/engine_core/tests/golden/math.g2_l18.word_problem",
  "written": [
    "/Users/koki/workspace/mongene-v2/engine_core/tests/golden/math.g2_l18.word_problem/math.g2_l18.word_problem_lv2_seed1.yaml",
    "/Users/koki/workspace/mongene-v2/engine_core/tests/golden/math.g2_l18.word_problem/math.g2_l18.word_problem_lv2_seed2.yaml",
    "/Users/koki/workspace/mongene-v2/engine_core/tests/golden/math.g2_l18.word_problem/math.g2_l18.word_problem_lv2_seed3.yaml",
    "/Users/koki/workspace/mongene-v2/engine_core/tests/golden/math.g2_l18.word_problem/math.g2_l18.word_problem_lv3_seed1.yaml",
    "/Users/koki/workspace/mongene-v2/engine_core/tests/golden/math.g2_l18.word_problem/math.g2_l18.word_problem_lv3_seed2.yaml",
    "/Users/koki/workspace/mongene-v2/engine_core/tests/golden/math.g2_l18.word_problem/math.g2_l18.word_problem_lv3_seed3.yaml",
    "/Users/koki/workspace/mongene-v2/engine_core/tests/golden/math.g2_l18.word_problem/math.g2_l18.word_problem_lv4_seed1.yaml",
    "/Users/koki/workspace/mongene-v2/engine_core/tests/golden/math.g2_l18.word_problem/math.g2_l18.word_problem_lv4_seed2.yaml",
    "/Users/koki/workspace/mongene-v2/engine_core/tests/golden/math.g2_l18.word_problem/math.g2_l18.word_problem_lv4_seed3.yaml"
  ],
  "approval": "/Users/koki/workspace/mongene-v2/engine_core/tests/golden/math.g2_l18.word_problem/approval.yaml"
}
{
  "family": "math.g2_l31.knowledge",
  "golden_dir": "/Users/koki/workspace/mongene-v2/engine_core/tests/golden/math.g2_l31.knowledge",
  "written": [
    "/Users/koki/workspace/mongene-v2/engine_core/tests/golden/math.g2_l31.knowledge/math.g2_l31.knowledge_lv1_seed1.yaml",
    "/Users/koki/workspace/mongene-v2/engine_core/tests/golden/math.g2_l31.knowledge/math.g2_l31.knowledge_lv1_seed2.yaml",
    "/Users/koki/workspace/mongene-v2/engine_core/tests/golden/math.g2_l31.knowledge/math.g2_l31.knowledge_lv1_seed3.yaml"
  ],
  "approval": "/Users/koki/workspace/mongene-v2/engine_core/tests/golden/math.g2_l31.knowledge/approval.yaml"
}
{
  "family": "math.g2_l32.find_value",
  "golden_dir": "/Users/koki/workspace/mongene-v2/engine_core/tests/golden/math.g2_l32.find_value",
  "written": [
    "/Users/koki/workspace/mongene-v2/engine_core/tests/golden/math.g2_l32.find_value/math.g2_l32.find_value_lv1_seed1.yaml",
    "/Users/koki/workspace/mongene-v2/engine_core/tests/golden/math.g2_l32.find_value/math.g2_l32.find_value_lv1_seed2.yaml",
    "/Users/koki/workspace/mongene-v2/engine_core/tests/golden/math.g2_l32.find_value/math.g2_l32.find_value_lv1_seed3.yaml",
    "/Users/koki/workspace/mongene-v2/engine_core/tests/golden/math.g2_l32.find_value/math.g2_l32.find_value_lv2_seed1.yaml",
    "/Users/koki/workspace/mongene-v2/engine_core/tests/golden/math.g2_l32.find_value/math.g2_l32.find_value_lv2_seed2.yaml",
    "/Users/koki/workspace/mongene-v2/engine_core/tests/golden/math.g2_l32.find_value/math.g2_l32.find_value_lv2_seed3.yaml"
  ],
  "approval": "/Users/koki/workspace/mongene-v2/engine_core/tests/golden/math.g2_l32.find_value/approval.yaml"
}... 160/280

{
  "family": "math.g2_l38.knowledge",
  "golden_dir": "/Users/koki/workspace/mongene-v2/engine_core/tests/golden/math.g2_l38.knowledge",
  "written": [
    "/Users/koki/workspace/mongene-v2/engine_core/tests/golden/math.g2_l38.knowledge/math.g2_l38.knowledge_lv1_seed1.yaml",
    "/Users/koki/workspace/mongene-v2/engine_core/tests/golden/math.g2_l38.knowledge/math.g2_l38.knowledge_lv1_seed2.yaml",
    "/Users/koki/workspace/mongene-v2/engine_core/tests/golden/math.g2_l38.knowledge/math.g2_l38.knowledge_lv1_seed3.yaml",
    "/Users/koki/workspace/mongene-v2/engine_core/tests/golden/math.g2_l38.knowledge/math.g2_l38.knowledge_lv2_seed1.yaml",
    "/Users/koki/workspace/mongene-v2/engine_core/tests/golden/math.g2_l38.knowledge/math.g2_l38.knowledge_lv2_seed2.yaml",
    "/Users/koki/workspace/mongene-v2/engine_core/tests/golden/math.g2_l38.knowledge/math.g2_l38.knowledge_lv2_seed3.yaml"
  ],
  "approval": "/Users/koki/workspace/mongene-v2/engine_core/tests/golden/math.g2_l38.knowledge/approval.yaml"
}
{
  "family": "math.g2_l4.calculation",
  "golden_dir": "/Users/koki/workspace/mongene-v2/engine_core/tests/golden/math.g2_l4.calculation",
  "written": [
    "/Users/koki/workspace/mongene-v2/engine_core/tests/golden/math.g2_l4.calculation/math.g2_l4.calculation_lv1_seed1.yaml",
    "/Users/koki/workspace/mongene-v2/engine_core/tests/golden/math.g2_l4.calculation/math.g2_l4.calculation_lv1_seed2.yaml",
    "/Users/koki/workspace/mongene-v2/engine_core/tests/golden/math.g2_l4.calculation/math.g2_l4.calculation_lv1_seed3.yaml",
    "/Users/koki/workspace/mongene-v2/engine_core/tests/golden/math.g2_l4.calculation/math.g2_l4.calculation_lv2_seed1.yaml",
    "/Users/koki/workspace/mongene-v2/engine_core/tests/golden/math.g2_l4.calculation/math.g2_l4.calculation_lv2_seed2.yaml",
    "/Users/koki/workspace/mongene-v2/engine_core/tests/golden/math.g2_l4.calculation/math.g2_l4.calculation_lv2_seed3.yaml",
    "/Users/koki/workspace/mongene-v2/engine_core/tests/golden/math.g2_l4.calculation/math.g2_l4.calculation_lv3_seed1.yaml",
    "/Users/koki/workspace/mongene-v2/engine_core/tests/golden/math.g2_l4.calculation/math.g2_l4.calculation_lv3_seed2.yaml",
    "/Users/koki/workspace/mongene-v2/engine_core/tests/golden/math.g2_l4.calculation/math.g2_l4.calculation_lv3_seed3.yaml"
  ],
  "approval": "/Users/koki/workspace/mongene-v2/engine_core/tests/golden/math.g2_l4.calculation/approval.yaml"
}
{
  "family": "math.g2_l41.find_value",
  "golden_dir": "/Users/koki/workspace/mongene-v2/engine_core/tests/golden/math.g2_l41.find_value",
  "written": [
    "/Users/koki/workspace/mongene-v2/engine_core/tests/golden/math.g2_l41.find_value/math.g2_l41.find_value_lv1_seed1.yaml",
    "/Users/koki/workspace/mongene-v2/engine_core/tests/golden/math.g2_l41.find_value/math.g2_l41.find_value_lv1_seed2.yaml",
    "/Users/koki/workspace/mongene-v2/engine_core/tests/golden/math.g2_l41.find_value/math.g2_l41.find_value_lv1_seed3.yaml"
  ],
  "approval": "/Users/koki/workspace/mongene-v2/engine_core/tests/golden/math.g2_l41.find_value/approval.yaml"
}
{
  "family": "math.g2_l41.knowledge",
  "golden_dir": "/Users/koki/workspace/mongene-v2/engine_core/tests/golden/math.g2_l41.knowledge",
  "written": [
    "/Users/koki/workspace/mongene-v2/engine_core/tests/golden/math.g2_l41.knowledge/math.g2_l41.knowledge_lv1_seed1.yaml",
    "/Users/koki/workspace/mongene-v2/engine_core/tests/golden/math.g2_l41.knowledge/math.g2_l41.knowledge_lv1_seed2.yaml",
    "/Users/koki/workspace/mongene-v2/engine_core/tests/golden/math.g2_l41.knowledge/math.g2_l41.knowledge_lv1_seed3.yaml"
  ],
  "approval": "/Users/koki/workspace/mongene-v2/engine_core/tests/golden/math.g2_l41.knowledge/approval.yaml"
}
{
  "family": "math.g2_l56.calculation",
  "golden_dir": "/Users/koki/workspace/mongene-v2/engine_core/tests/golden/math.g2_l56.calculation",
  "written": [
    "/Users/koki/workspace/mongene-v2/engine_core/tests/golden/math.g2_l56.calculation/math.g2_l56.calculation_lv1_seed1.yaml",
    "/Users/koki/workspace/mongene-v2/engine_core/tests/golden/math.g2_l56.calculation/math.g2_l56.calculation_lv1_seed2.yaml",
    "/Users/koki/workspace/mongene-v2/engine_core/tests/golden/math.g2_l56.calculation/math.g2_l56.calculation_lv1_seed3.yaml"
  ],
  "approval": "/Users/koki/workspace/mongene-v2/engine_core/tests/golden/math.g2_l56.calculation/approval.yaml"
}
{
  "family": "math.g2_l56.knowledge",
  "golden_dir": "/Users/koki/workspace/mongene-v2/engine_core/tests/golden/math.g2_l56.knowledge",
  "written": [
    "/Users/koki/workspace/mongene-v2/engine_core/tests/golden/math.g2_l56.knowledge/math.g2_l56.knowledge_lv1_seed1.yaml",
    "/Users/koki/workspace/mongene-v2/engine_core/tests/golden/math.g2_l56.knowledge/math.g2_l56.knowledge_lv1_seed2.yaml",
    "/Users/koki/workspace/mongene-v2/engine_core/tests/golden/math.g2_l56.knowledge/math.g2_l56.knowledge_lv1_seed3.yaml"
  ],
  "approval": "/Users/koki/workspace/mongene-v2/engine_core/tests/golden/math.g2_l56.knowledge/approval.yaml"
}
{
  "family": "math.g2_l57.knowledge",
  "golden_dir": "/Users/koki/workspace/mongene-v2/engine_core/tests/golden/math.g2_l57.knowledge",
  "written": [
    "/Users/koki/workspace/mongene-v2/engine_core/tests/golden/math.g2_l57.knowledge/math.g2_l57.knowledge_lv1_seed1.yaml",
    "/Users/koki/workspace/mongene-v2/engine_core/tests/golden/math.g2_l57.knowledge/math.g2_l57.knowledge_lv1_seed2.yaml",
    "/Users/koki/workspace/mongene-v2/engine_core/tests/golden/math.g2_l57.knowledge/math.g2_l57.knowledge_lv1_seed3.yaml"
  ],
  "approval": "/Users/koki/workspace/mongene-v2/engine_core/tests/golden/math.g2_l57.knowledge/approval.yaml"
}
{
  "family": "math.g2_l6.calculation",
  "golden_dir": "/Users/koki/workspace/mongene-v2/engine_core/tests/golden/math.g2_l6.calculation",
  "written": [
    "/Users/koki/workspace/mongene-v2/engine_core/tests/golden/math.g2_l6.calculation/math.g2_l6.calculation_lv2_seed1.yaml",
    "/Users/koki/workspace/mongene-v2/engine_core/tests/golden/math.g2_l6.calculation/math.g2_l6.calculation_lv2_seed2.yaml",
    "/Users/koki/workspace/mongene-v2/engine_core/tests/golden/math.g2_l6.calculation/math.g2_l6.calculation_lv2_seed3.yaml",
    "/Users/koki/workspace/mongene-v2/engine_core/tests/golden/math.g2_l6.calculation/math.g2_l6.calculation_lv3_seed1.yaml",
    "/Users/koki/workspace/mongene-v2/engine_core/tests/golden/math.g2_l6.calculation/math.g2_l6.calculation_lv3_seed2.yaml",
    "/Users/koki/workspace/mongene-v2/engine_core/tests/golden/math.g2_l6.calculation/math.g2_l6.calculation_lv3_seed3.yaml"
  ],
  "approval": "/Users/koki/workspace/mongene-v2/engine_core/tests/golden/math.g2_l6.calculation/approval.yaml"
}
{
  "family": "math.g3_l14.calculation",
  "golden_dir": "/Users/koki/workspace/mongene-v2/engine_core/tests/golden/math.g3_l14.calculation",
  "written": [
    "/Users/koki/workspace/mongene-v2/engine_core/tests/golden/math.g3_l14.calculation/math.g3_l14.calculation_lv1_seed1.yaml",
    "/Users/koki/workspace/mongene-v2/engine_core/tests/golden/math.g3_l14.calculation/math.g3_l14.calculation_lv1_seed2.yaml",
    "/Users/koki/workspace/mongene-v2/engine_core/tests/golden/math.g3_l14.calculation/math.g3_l14.calculation_lv1_seed3.yaml"
  ],
  "approval": "/Users/koki/workspace/mongene-v2/engine_core/tests/golden/math.g3_l14.calculation/approval.yaml"
}
{
  "family": "math.g3_l14.knowledge",
  "golden_dir": "/Users/koki/workspace/mongene-v2/engine_core/tests/golden/math.g3_l14.knowledge",
  "written": [
    "/Users/koki/workspace/mongene-v2/engine_core/tests/golden/math.g3_l14.knowledge/math.g3_l14.knowledge_lv1_seed1.yaml",
    "/Users/koki/workspace/mongene-v2/engine_core/tests/golden/math.g3_l14.knowledge/math.g3_l14.knowledge_lv1_seed2.yaml",
    "/Users/koki/workspace/mongene-v2/engine_core/tests/golden/math.g3_l14.knowledge/math.g3_l14.knowledge_lv1_seed3.yaml",
    "/Users/koki/workspace/mongene-v2/engine_core/tests/golden/math.g3_l14.knowledge/math.g3_l14.knowledge_lv2_seed1.yaml",
    "/Users/koki/workspace/mongene-v2/engine_core/tests/golden/math.g3_l14.knowledge/math.g3_l14.knowledge_lv2_seed2.yaml",
    "/Users/koki/workspace/mongene-v2/engine_core/tests/golden/math.g3_l14.knowledge/math.g3_l14.knowledge_lv2_seed3.yaml"
  ],
  "approval": "/Users/koki/workspace/mongene-v2/engine_core/tests/golden/math.g3_l14.knowledge/approval.yaml"
}
{
  "family": "math.g2_l35.knowledge",
  "golden_dir": "/Users/koki/workspace/mongene-v2/engine_core/tests/golden/math.g2_l35.knowledge",
  "written": [
    "/Users/koki/workspace/mongene-v2/engine_core/tests/golden/math.g2_l35.knowledge/math.g2_l35.knowledge_lv1_seed1.yaml",
    "/Users/koki/workspace/mongene-v2/engine_core/tests/golden/math.g2_l35.knowledge/math.g2_l35.knowledge_lv1_seed2.yaml",
    "/Users/koki/workspace/mongene-v2/engine_core/tests/golden/math.g2_l35.knowledge/math.g2_l35.knowledge_lv1_seed3.yaml"
  ],
  "approval": "/Users/koki/workspace/mongene-v2/engine_core/tests/golden/math.g2_l35.knowledge/approval.yaml"
}
{
  "family": "math.g2_l36.find_value",
  "golden_dir": "/Users/koki/workspace/mongene-v2/engine_core/tests/golden/math.g2_l36.find_value",
  "written": [
    "/Users/koki/workspace/mongene-v2/engine_core/tests/golden/math.g2_l36.find_value/math.g2_l36.find_value_lv1_seed1.yaml",
    "/Users/koki/workspace/mongene-v2/engine_core/tests/golden/math.g2_l36.find_value/math.g2_l36.find_value_lv1_seed2.yaml",
    "/Users/koki/workspace/mongene-v2/engine_core/tests/golden/math.g2_l36.find_value/math.g2_l36.find_value_lv1_seed3.yaml"
  ],
  "approval": "/Users/koki/workspace/mongene-v2/engine_core/tests/golden/math.g2_l36.find_value/approval.yaml"
}
{
  "family": "math.g2_l36.knowledge",
  "golden_dir": "/Users/koki/workspace/mongene-v2/engine_core/tests/golden/math.g2_l36.knowledge",
  "written": [
    "/Users/koki/workspace/mongene-v2/engine_core/tests/golden/math.g2_l36.knowledge/math.g2_l36.knowledge_lv1_seed1.yaml",
    "/Users/koki/workspace/mongene-v2/engine_core/tests/golden/math.g2_l36.knowledge/math.g2_l36.knowledge_lv1_seed2.yaml",
    "/Users/koki/workspace/mongene-v2/engine_core/tests/golden/math.g2_l36.knowledge/math.g2_l36.knowledge_lv1_seed3.yaml",
    "/Users/koki/workspace/mongene-v2/engine_core/tests/golden/math.g2_l36.knowledge/math.g2_l36.knowledge_lv2_seed1.yaml",
    "/Users/koki/workspace/mongene-v2/engine_core/tests/golden/math.g2_l36.knowledge/math.g2_l36.knowledge_lv2_seed2.yaml",
    "/Users/koki/workspace/mongene-v2/engine_core/tests/golden/math.g2_l36.knowledge/math.g2_l36.knowledge_lv2_seed3.yaml"
  ],
  "approval": "/Users/koki/workspace/mongene-v2/engine_core/tests/golden/math.g2_l36.knowledge/approval.yaml"
}
{
  "family": "math.g2_l37.knowledge",
  "golden_dir": "/Users/koki/workspace/mongene-v2/engine_core/tests/golden/math.g2_l37.knowledge",
  "written": [
    "/Users/koki/workspace/mongene-v2/engine_core/tests/golden/math.g2_l37.knowledge/math.g2_l37.knowledge_lv1_seed1.yaml",
    "/Users/koki/workspace/mongene-v2/engine_core/tests/golden/math.g2_l37.knowledge/math.g2_l37.knowledge_lv1_seed2.yaml",
    "/Users/koki/workspace/mongene-v2/engine_core/tests/golden/math.g2_l37.knowledge/math.g2_l37.knowledge_lv1_seed3.yaml",
    "/Users/koki/workspace/mongene-v2/engine_core/tests/golden/math.g2_l37.knowledge/math.g2_l37.knowledge_lv2_seed1.yaml",
    "/Users/koki/workspace/mongene-v2/engine_core/tests/golden/math.g2_l37.knowledge/math.g2_l37.knowledge_lv2_seed2.yaml",
    "/Users/koki/workspace/mongene-v2/engine_core/tests/golden/math.g2_l37.knowledge/math.g2_l37.knowledge_lv2_seed3.yaml"
  ],
  "approval": "/Users/koki/workspace/mongene-v2/engine_core/tests/golden/math.g2_l37.knowledge/approval.yaml"
}
{
  "family": "math.g2_l52.word_problem",
  "golden_dir": "/Users/koki/workspace/mongene-v2/engine_core/tests/golden/math.g2_l52.word_problem",
  "written": [
    "/Users/koki/workspace/mongene-v2/engine_core/tests/golden/math.g2_l52.word_problem/math.g2_l52.word_problem_lv2_seed1.yaml",
    "/Users/koki/workspace/mongene-v2/engine_core/tests/golden/math.g2_l52.word_problem/math.g2_l52.word_problem_lv2_seed2.yaml",
    "/Users/koki/workspace/mongene-v2/engine_core/tests/golden/math.g2_l52.word_problem/math.g2_l52.word_problem_lv2_seed3.yaml",
    "/Users/koki/workspace/mongene-v2/engine_core/tests/golden/math.g2_l52.word_problem/math.g2_l52.word_problem_lv3_seed1.yaml",
    "/Users/koki/workspace/mongene-v2/engine_core/tests/golden/math.g2_l52.word_problem/math.g2_l52.word_problem_lv3_seed2.yaml",
    "/Users/koki/workspace/mongene-v2/engine_core/tests/golden/math.g2_l52.word_problem/math.g2_l52.word_problem_lv3_seed3.yaml"
  ],
  "approval": "/Users/koki/workspace/mongene-v2/engine_core/tests/golden/math.g2_l52.word_problem/approval.yaml"
}
{
  "family": "math.g2_l53.find_value",
  "golden_dir": "/Users/koki/workspace/mongene-v2/engine_core/tests/golden/math.g2_l53.find_value",
  "written": [
    "/Users/koki/workspace/mongene-v2/engine_core/tests/golden/math.g2_l53.find_value/math.g2_l53.find_value_lv2_seed1.yaml",
    "/Users/koki/workspace/mongene-v2/engine_core/tests/golden/math.g2_l53.find_value/math.g2_l53.find_value_lv2_seed2.yaml",
    "/Users/koki/workspace/mongene-v2/engine_core/tests/golden/math.g2_l53.find_value/math.g2_l53.find_value_lv2_seed3.yaml",
    "/Users/koki/workspace/mongene-v2/engine_core/tests/golden/math.g2_l53.find_value/math.g2_l53.find_value_lv3_seed1.yaml",
    "/Users/koki/workspace/mongene-v2/engine_core/tests/golden/math.g2_l53.find_value/math.g2_l53.find_value_lv3_seed2.yaml",
    "/Users/koki/workspace/mongene-v2/engine_core/tests/golden/math.g2_l53.find_value/math.g2_l53.find_value_lv3_seed3.yaml"
  ],
  "approval": "/Users/koki/workspace/mongene-v2/engine_core/tests/golden/math.g2_l53.find_value/approval.yaml"
}
{
  "family": "math.g2_l53.word_problem",
  "golden_dir": "/Users/koki/workspace/mongene-v2/engine_core/tests/golden/math.g2_l53.word_problem",
  "written": [
    "/Users/koki/workspace/mongene-v2/engine_core/tests/golden/math.g2_l53.word_problem/math.g2_l53.word_problem_lv2_seed1.yaml",
    "/Users/koki/workspace/mongene-v2/engine_core/tests/golden/math.g2_l53.word_problem/math.g2_l53.word_problem_lv2_seed2.yaml",
    "/Users/koki/workspace/mongene-v2/engine_core/tests/golden/math.g2_l53.word_problem/math.g2_l53.word_problem_lv2_seed3.yaml",
    "/Users/koki/workspace/mongene-v2/engine_core/tests/golden/math.g2_l53.word_problem/math.g2_l53.word_problem_lv3_seed1.yaml",
    "/Users/koki/workspace/mongene-v2/engine_core/tests/golden/math.g2_l53.word_problem/math.g2_l53.word_problem_lv3_seed2.yaml",
    "/Users/koki/workspace/mongene-v2/engine_core/tests/golden/math.g2_l53.word_problem/math.g2_l53.word_problem_lv3_seed3.yaml"
  ],
  "approval": "/Users/koki/workspace/mongene-v2/engine_core/tests/golden/math.g2_l53.word_problem/approval.yaml"
}
{
  "family": "math.g2_l54.find_value",
  "golden_dir": "/Users/koki/workspace/mongene-v2/engine_core/tests/golden/math.g2_l54.find_value",
  "written": [
    "/Users/koki/workspace/mongene-v2/engine_core/tests/golden/math.g2_l54.find_value/math.g2_l54.find_value_lv2_seed1.yaml",
    "/Users/koki/workspace/mongene-v2/engine_core/tests/golden/math.g2_l54.find_value/math.g2_l54.find_value_lv2_seed2.yaml",
    "/Users/koki/workspace/mongene-v2/engine_core/tests/golden/math.g2_l54.find_value/math.g2_l54.find_value_lv2_seed3.yaml",
    "/Users/koki/workspace/mongene-v2/engine_core/tests/golden/math.g2_l54.find_value/math.g2_l54.find_value_lv3_seed1.yaml",
    "/Users/koki/workspace/mongene-v2/engine_core/tests/golden/math.g2_l54.find_value/math.g2_l54.find_value_lv3_seed2.yaml",
    "/Users/koki/workspace/mongene-v2/engine_core/tests/golden/math.g2_l54.find_value/math.g2_l54.find_value_lv3_seed3.yaml"
  ],
  "approval": "/Users/koki/workspace/mongene-v2/engine_core/tests/golden/math.g2_l54.find_value/approval.yaml"
}
{
  "family": "math.g3_l21.calculation",
  "golden_dir": "/Users/koki/workspace/mongene-v2/engine_core/tests/golden/math.g3_l21.calculation",
  "written": [
    "/Users/koki/workspace/mongene-v2/engine_core/tests/golden/math.g3_l21.calculation/math.g3_l21.calculation_lv2_seed1.yaml",
    "/Users/koki/workspace/mongene-v2/engine_core/tests/golden/math.g3_l21.calculation/math.g3_l21.calculation_lv2_seed2.yaml",
    "/Users/koki/workspace/mongene-v2/engine_core/tests/golden/math.g3_l21.calculation/math.g3_l21.calculation_lv2_seed3.yaml",
    "/Users/koki/workspace/mongene-v2/engine_core/tests/golden/math.g3_l21.calculation/math.g3_l21.calculation_lv3_seed1.yaml",
    "/Users/koki/workspace/mongene-v2/engine_core/tests/golden/math.g3_l21.calculation/math.g3_l21.calculation_lv3_seed2.yaml",
    "/Users/koki/workspace/mongene-v2/engine_core/tests/golden/math.g3_l21.calculation/math.g3_l21.calculation_lv3_seed3.yaml"
  ],
  "approval": "/Users/koki/workspace/mongene-v2/engine_core/tests/golden/math.g3_l21.calculation/approval.yaml"
}
{
  "family": "math.g2_l42.knowledge",
  "golden_dir": "/Users/koki/workspace/mongene-v2/engine_core/tests/golden/math.g2_l42.knowledge",
  "written": [
    "/Users/koki/workspace/mongene-v2/engine_core/tests/golden/math.g2_l42.knowledge/math.g2_l42.knowledge_lv1_seed1.yaml",
    "/Users/koki/workspace/mongene-v2/engine_core/tests/golden/math.g2_l42.knowledge/math.g2_l42.knowledge_lv1_seed2.yaml",
    "/Users/koki/workspace/mongene-v2/engine_core/tests/golden/math.g2_l42.knowledge/math.g2_l42.knowledge_lv1_seed3.yaml",
    "/Users/koki/workspace/mongene-v2/engine_core/tests/golden/math.g2_l42.knowledge/math.g2_l42.knowledge_lv2_seed1.yaml",
    "/Users/koki/workspace/mongene-v2/engine_core/tests/golden/math.g2_l42.knowledge/math.g2_l42.knowledge_lv2_seed2.yaml",
    "/Users/koki/workspace/mongene-v2/engine_core/tests/golden/math.g2_l42.knowledge/math.g2_l42.knowledge_lv2_seed3.yaml"
  ],
  "approval": "/Users/koki/workspace/mongene-v2/engine_core/tests/golden/math.g2_l42.knowledge/approval.yaml"
}
{
  "family": "math.g2_l43.find_value",
  "golden_dir": "/Users/koki/workspace/mongene-v2/engine_core/tests/golden/math.g2_l43.find_value",
  "written": [
    "/Users/koki/workspace/mongene-v2/engine_core/tests/golden/math.g2_l43.find_value/math.g2_l43.find_value_lv1_seed1.yaml",
    "/Users/koki/workspace/mongene-v2/engine_core/tests/golden/math.g2_l43.find_value/math.g2_l43.find_value_lv1_seed2.yaml",
    "/Users/koki/workspace/mongene-v2/engine_core/tests/golden/math.g2_l43.find_value/math.g2_l43.find_value_lv1_seed3.yaml"
  ],
  "approval": "/Users/koki/workspace/mongene-v2/engine_core/tests/golden/math.g2_l43.find_value/approval.yaml"
}
{
  "family": "math.g2_l43.knowledge",
  "golden_dir": "/Users/koki/workspace/mongene-v2/engine_core/tests/golden/math.g2_l43.knowledge",
  "written": [
    "/Users/koki/workspace/mongene-v2/engine_core/tests/golden/math.g2_l43.knowledge/math.g2_l43.knowledge_lv1_seed1.yaml",
    "/Users/koki/workspace/mongene-v2/engine_core/tests/golden/math.g2_l43.knowledge/math.g2_l43.knowledge_lv1_seed2.yaml",
    "/Users/koki/workspace/mongene-v2/engine_core/tests/golden/math.g2_l43.knowledge/math.g2_l43.knowledge_lv1_seed3.yaml",
    "/Users/koki/workspace/mongene-v2/engine_core/tests/golden/math.g2_l43.knowledge/math.g2_l43.knowledge_lv2_seed1.yaml",
    "/Users/koki/workspace/mongene-v2/engine_core/tests/golden/math.g2_l43.knowledge/math.g2_l43.knowledge_lv2_seed2.yaml",
    "/Users/koki/workspace/mongene-v2/engine_core/tests/golden/math.g2_l43.knowledge/math.g2_l43.knowledge_lv2_seed3.yaml"
  ],
  "approval": "/Users/koki/workspace/mongene-v2/engine_core/tests/golden/math.g2_l43.knowledge/approval.yaml"
}
{
  "family": "math.g2_l44.knowledge",
  "golden_dir": "/Users/koki/workspace/mongene-v2/engine_core/tests/golden/math.g2_l44.knowledge",
  "written": [
    "/Users/koki/workspace/mongene-v2/engine_core/tests/golden/math.g2_l44.knowledge/math.g2_l44.knowledge_lv1_seed1.yaml",
    "/Users/koki/workspace/mongene-v2/engine_core/tests/golden/math.g2_l44.knowledge/math.g2_l44.knowledge_lv1_seed2.yaml",
    "/Users/koki/workspace/mongene-v2/engine_core/tests/golden/math.g2_l44.knowledge/math.g2_l44.knowledge_lv1_seed3.yaml",
    "/Users/koki/workspace/mongene-v2/engine_core/tests/golden/math.g2_l44.knowledge/math.g2_l44.knowledge_lv2_seed1.yaml",
    "/Users/koki/workspace/mongene-v2/engine_core/tests/golden/math.g2_l44.knowledge/math.g2_l44.knowledge_lv2_seed2.yaml",
    "/Users/koki/workspace/mongene-v2/engine_core/tests/golden/math.g2_l44.knowledge/math.g2_l44.knowledge_lv2_seed3.yaml"
  ],
  "approval": "/Users/koki/workspace/mongene-v2/engine_core/tests/golden/math.g2_l44.knowledge/approval.yaml"
}
{
  "family": "math.g2_l7.calculation",
  "golden_dir": "/Users/koki/workspace/mongene-v2/engine_core/tests/golden/math.g2_l7.calculation",
  "written": [
    "/Users/koki/workspace/mongene-v2/engine_core/tests/golden/math.g2_l7.calculation/math.g2_l7.calculation_lv1_seed1.yaml",
    "/Users/koki/workspace/mongene-v2/engine_core/tests/golden/math.g2_l7.calculation/math.g2_l7.calculation_lv1_seed2.yaml",
    "/Users/koki/workspace/mongene-v2/engine_core/tests/golden/math.g2_l7.calculation/math.g2_l7.calculation_lv1_seed3.yaml"
  ],
  "approval": "/Users/koki/workspace/mongene-v2/engine_core/tests/golden/math.g2_l7.calculation/approval.yaml"
}
{
  "family": "math.g2_l8.calculation",
  "golden_dir": "/Users/koki/workspace/mongene-v2/engine_core/tests/golden/math.g2_l8.calculation",
  "written": [
    "/Users/koki/workspace/mongene-v2/engine_core/tests/golden/math.g2_l8.calculation/math.g2_l8.calculation_lv1_seed1.yaml",
    "/Users/koki/workspace/mongene-v2/engine_core/tests/golden/math.g2_l8.calculation/math.g2_l8.calculation_lv1_seed2.yaml",
    "/Users/koki/workspace/mongene-v2/engine_core/tests/golden/math.g2_l8.calculation/math.g2_l8.calculation_lv1_seed3.yaml"
  ],
  "approval": "/Users/koki/workspace/mongene-v2/engine_core/tests/golden/math.g2_l8.calculation/approval.yaml"
}
{
  "family": "math.g2_l9.calculation",
  "golden_dir": "/Users/koki/workspace/mongene-v2/engine_core/tests/golden/math.g2_l9.calculation",
  "written": [
    "/Users/koki/workspace/mongene-v2/engine_core/tests/golden/math.g2_l9.calculation/math.g2_l9.calculation_lv1_seed1.yaml",
    "/Users/koki/workspace/mongene-v2/engine_core/tests/golden/math.g2_l9.calculation/math.g2_l9.calculation_lv1_seed2.yaml",
    "/Users/koki/workspace/mongene-v2/engine_core/tests/golden/math.g2_l9.calculation/math.g2_l9.calculation_lv1_seed3.yaml",
    "/Users/koki/workspace/mongene-v2/engine_core/tests/golden/math.g2_l9.calculation/math.g2_l9.calculation_lv2_seed1.yaml",
    "/Users/koki/workspace/mongene-v2/engine_core/tests/golden/math.g2_l9.calculation/math.g2_l9.calculation_lv2_seed2.yaml",
    "/Users/koki/workspace/mongene-v2/engine_core/tests/golden/math.g2_l9.calculation/math.g2_l9.calculation_lv2_seed3.yaml",
    "/Users/koki/workspace/mongene-v2/engine_core/tests/golden/math.g2_l9.calculation/math.g2_l9.calculation_lv3_seed1.yaml",
    "/Users/koki/workspace/mongene-v2/engine_core/tests/golden/math.g2_l9.calculation/math.g2_l9.calculation_lv3_seed2.yaml",
    "/Users/koki/workspace/mongene-v2/engine_core/tests/golden/math.g2_l9.calculation/math.g2_l9.calculation_lv3_seed3.yaml"
  ],
  "approval": "/Users/koki/workspace/mongene-v2/engine_core/tests/golden/math.g2_l9.calculation/approval.yaml"
}
{
  "family": "math.g3_l1.calculation",
  "golden_dir": "/Users/koki/workspace/mongene-v2/engine_core/tests/golden/math.g3_l1.calculation",
  "written": [
    "/Users/koki/workspace/mongene-v2/engine_core/tests/golden/math.g3_l1.calculation/math.g3_l1.calculation_lv1_seed1.yaml",
    "/Users/koki/workspace/mongene-v2/engine_core/tests/golden/math.g3_l1.calculation/math.g3_l1.calculation_lv1_seed2.yaml",
    "/Users/koki/workspace/mongene-v2/engine_core/tests/golden/math.g3_l1.calculation/math.g3_l1.calculation_lv1_seed3.yaml",
    "/Users/koki/workspace/mongene-v2/engine_core/tests/golden/math.g3_l1.calculation/math.g3_l1.calculation_lv2_seed1.yaml",
    "/Users/koki/workspace/mongene-v2/engine_core/tests/golden/math.g3_l1.calculation/math.g3_l1.calculation_lv2_seed2.yaml",
    "/Users/koki/workspace/mongene-v2/engine_core/tests/golden/math.g3_l1.calculation/math.g3_l1.calculation_lv2_seed3.yaml"
  ],
  "approval": "/Users/koki/workspace/mongene-v2/engine_core/tests/golden/math.g3_l1.calculation/approval.yaml"
}
{
  "family": "math.g3_l25.calculation",
  "golden_dir": "/Users/koki/workspace/mongene-v2/engine_core/tests/golden/math.g3_l25.calculation",
  "written": [
    "/Users/koki/workspace/mongene-v2/engine_core/tests/golden/math.g3_l25.calculation/math.g3_l25.calculation_lv1_seed1.yaml",
    "/Users/koki/workspace/mongene-v2/engine_core/tests/golden/math.g3_l25.calculation/math.g3_l25.calculation_lv1_seed2.yaml",
    "/Users/koki/workspace/mongene-v2/engine_core/tests/golden/math.g3_l25.calculation/math.g3_l25.calculation_lv1_seed3.yaml",
    "/Users/koki/workspace/mongene-v2/engine_core/tests/golden/math.g3_l25.calculation/math.g3_l25.calculation_lv2_seed1.yaml",
    "/Users/koki/workspace/mongene-v2/engine_core/tests/golden/math.g3_l25.calculation/math.g3_l25.calculation_lv2_seed2.yaml",
    "/Users/koki/workspace/mongene-v2/engine_core/tests/golden/math.g3_l25.calculation/math.g3_l25.calculation_lv2_seed3.yaml"
  ],
  "approval": "/Users/koki/workspace/mongene-v2/engine_core/tests/golden/math.g3_l25.calculation/approval.yaml"
}
{
  "family": "math.g2_l33.knowledge",
  "golden_dir": "/Users/koki/workspace/mongene-v2/engine_core/tests/golden/math.g2_l33.knowledge",
  "written": [
    "/Users/koki/workspace/mongene-v2/engine_core/tests/golden/math.g2_l33.knowledge/math.g2_l33.knowledge_lv1_seed1.yaml",
    "/Users/koki/workspace/mongene-v2/engine_core/tests/golden/math.g2_l33.knowledge/math.g2_l33.knowledge_lv1_seed2.yaml",
    "/Users/koki/workspace/mongene-v2/engine_core/tests/golden/math.g2_l33.knowledge/math.g2_l33.knowledge_lv1_seed3.yaml"
  ],
  "approval": "/Users/koki/workspace/mongene-v2/engine_core/tests/golden/math.g2_l33.knowledge/approval.yaml"
}
{
  "family": "math.g2_l34.find_value",
  "golden_dir": "/Users/koki/workspace/mongene-v2/engine_core/tests/golden/math.g2_l34.find_value",
  "written": [
    "/Users/koki/workspace/mongene-v2/engine_core/tests/golden/math.g2_l34.find_value/math.g2_l34.find_value_lv1_seed1.yaml",
    "/Users/koki/workspace/mongene-v2/engine_core/tests/golden/math.g2_l34.find_value/math.g2_l34.find_value_lv1_seed2.yaml",
    "/Users/koki/workspace/mongene-v2/engine_core/tests/golden/math.g2_l34.find_value/math.g2_l34.find_value_lv1_seed3.yaml",
    "/Users/koki/workspace/mongene-v2/engine_core/tests/golden/math.g2_l34.find_value/math.g2_l34.find_value_lv2_seed1.yaml",
    "/Users/koki/workspace/mongene-v2/engine_core/tests/golden/math.g2_l34.find_value/math.g2_l34.find_value_lv2_seed2.yaml",
    "/Users/koki/workspace/mongene-v2/engine_core/tests/golden/math.g2_l34.find_value/math.g2_l34.find_value_lv2_seed3.yaml"
  ],
  "approval": "/Users/koki/workspace/mongene-v2/engine_core/tests/golden/math.g2_l34.find_value/approval.yaml"
}
{
  "family": "math.g2_l34.knowledge",
  "golden_dir": "/Users/koki/workspace/mongene-v2/engine_core/tests/golden/math.g2_l34.knowledge",
  "written": [
    "/Users/koki/workspace/mongene-v2/engine_core/tests/golden/math.g2_l34.knowledge/math.g2_l34.knowledge_lv1_seed1.yaml",
    "/Users/koki/workspace/mongene-v2/engine_core/tests/golden/math.g2_l34.knowledge/math.g2_l34.knowledge_lv1_seed2.yaml",
    "/Users/koki/workspace/mongene-v2/engine_core/tests/golden/math.g2_l34.knowledge/math.g2_l34.knowledge_lv1_seed3.yaml"
  ],
  "approval": "/Users/koki/workspace/mongene-v2/engine_core/tests/golden/math.g2_l34.knowledge/approval.yaml"
}
{
  "family": "math.g2_l35.find_value",
  "golden_dir": "/Users/koki/workspace/mongene-v2/engine_core/tests/golden/math.g2_l35.find_value",
  "written": [
    "/Users/koki/workspace/mongene-v2/engine_core/tests/golden/math.g2_l35.find_value/math.g2_l35.find_value_lv1_seed1.yaml",
    "/Users/koki/workspace/mongene-v2/engine_core/tests/golden/math.g2_l35.find_value/math.g2_l35.find_value_lv1_seed2.yaml",
    "/Users/koki/workspace/mongene-v2/engine_core/tests/golden/math.g2_l35.find_value/math.g2_l35.find_value_lv1_seed3.yaml",
    "/Users/koki/workspace/mongene-v2/engine_core/tests/golden/math.g2_l35.find_value/math.g2_l35.find_value_lv2_seed1.yaml",
    "/Users/koki/workspace/mongene-v2/engine_core/tests/golden/math.g2_l35.find_value/math.g2_l35.find_value_lv2_seed2.yaml",
    "/Users/koki/workspace/mongene-v2/engine_core/tests/golden/math.g2_l35.find_value/math.g2_l35.find_value_lv2_seed3.yaml"
  ],
  "approval": "/Users/koki/workspace/mongene-v2/engine_core/tests/golden/math.g2_l35.find_value/approval.yaml"
}
{
  "family": "math.g2_l51.find_value",
  "golden_dir": "/Users/koki/workspace/mongene-v2/engine_core/tests/golden/math.g2_l51.find_value",
  "written": [
    "/Users/koki/workspace/mongene-v2/engine_core/tests/golden/math.g2_l51.find_value/math.g2_l51.find_value_lv1_seed1.yaml",
    "/Users/koki/workspace/mongene-v2/engine_core/tests/golden/math.g2_l51.find_value/math.g2_l51.find_value_lv1_seed2.yaml",
    "/Users/koki/workspace/mongene-v2/engine_core/tests/golden/math.g2_l51.find_value/math.g2_l51.find_value_lv1_seed3.yaml",
    "/Users/koki/workspace/mongene-v2/engine_core/tests/golden/math.g2_l51.find_value/math.g2_l51.find_value_lv2_seed1.yaml",
    "/Users/koki/workspace/mongene-v2/engine_core/tests/golden/math.g2_l51.find_value/math.g2_l51.find_value_lv2_seed2.yaml",
    "/Users/koki/workspace/mongene-v2/engine_core/tests/golden/math.g2_l51.find_value/math.g2_l51.find_value_lv2_seed3.yaml"
  ],
  "approval": "/Users/koki/workspace/mongene-v2/engine_core/tests/golden/math.g2_l51.find_value/approval.yaml"
}
{
  "family": "math.g2_l51.knowledge",
  "golden_dir": "/Users/koki/workspace/mongene-v2/engine_core/tests/golden/math.g2_l51.knowledge",
  "written": [
    "/Users/koki/workspace/mongene-v2/engine_core/tests/golden/math.g2_l51.knowledge/math.g2_l51.knowledge_lv1_seed1.yaml",
    "/Users/koki/workspace/mongene-v2/engine_core/tests/golden/math.g2_l51.knowledge/math.g2_l51.knowledge_lv1_seed2.yaml",
    "/Users/koki/workspace/mongene-v2/engine_core/tests/golden/math.g2_l51.knowledge/math.g2_l51.knowledge_lv1_seed3.yaml",
    "/Users/koki/workspace/mongene-v2/engine_core/tests/golden/math.g2_l51.knowledge/math.g2_l51.knowledge_lv2_seed1.yaml",
    "/Users/koki/workspace/mongene-v2/engine_core/tests/golden/math.g2_l51.knowledge/math.g2_l51.knowledge_lv2_seed2.yaml",
    "/Users/koki/workspace/mongene-v2/engine_core/tests/golden/math.g2_l51.knowledge/math.g2_l51.knowledge_lv2_seed3.yaml"
  ],
  "approval": "/Users/koki/workspace/mongene-v2/engine_core/tests/golden/math.g2_l51.knowledge/approval.yaml"
}
{
  "family": "math.g2_l51.word_problem",
  "golden_dir": "/Users/koki/workspace/mongene-v2/engine_core/tests/golden/math.g2_l51.word_problem",
  "written": [
    "/Users/koki/workspace/mongene-v2/engine_core/tests/golden/math.g2_l51.word_problem/math.g2_l51.word_problem_lv2_seed1.yaml",
    "/Users/koki/workspace/mongene-v2/engine_core/tests/golden/math.g2_l51.word_problem/math.g2_l51.word_problem_lv2_seed2.yaml",
    "/Users/koki/workspace/mongene-v2/engine_core/tests/golden/math.g2_l51.word_problem/math.g2_l51.word_problem_lv2_seed3.yaml",
    "/Users/koki/workspace/mongene-v2/engine_core/tests/golden/math.g2_l51.word_problem/math.g2_l51.word_problem_lv3_seed1.yaml",
    "/Users/koki/workspace/mongene-v2/engine_core/tests/golden/math.g2_l51.word_problem/math.g2_l51.word_problem_lv3_seed2.yaml",
    "/Users/koki/workspace/mongene-v2/engine_core/tests/golden/math.g2_l51.word_problem/math.g2_l51.word_problem_lv3_seed3.yaml"
  ],
  "approval": "/Users/koki/workspace/mongene-v2/engine_core/tests/golden/math.g2_l51.word_problem/approval.yaml"
}
{
  "family": "math.g2_l52.find_value",
  "golden_dir": "/Users/koki/workspace/mongene-v2/engine_core/tests/golden/math.g2_l52.find_value",
  "written": [
    "/Users/koki/workspace/mongene-v2/engine_core/tests/golden/math.g2_l52.find_value/math.g2_l52.find_value_lv1_seed1.yaml",
    "/Users/koki/workspace/mongene-v2/engine_core/tests/golden/math.g2_l52.find_value/math.g2_l52.find_value_lv1_seed2.yaml",
    "/Users/koki/workspace/mongene-v2/engine_core/tests/golden/math.g2_l52.find_value/math.g2_l52.find_value_lv1_seed3.yaml",
    "/Users/koki/workspace/mongene-v2/engine_core/tests/golden/math.g2_l52.find_value/math.g2_l52.find_value_lv3_seed1.yaml",
    "/Users/koki/workspace/mongene-v2/engine_core/tests/golden/math.g2_l52.find_value/math.g2_l52.find_value_lv3_seed2.yaml",
    "/Users/koki/workspace/mongene-v2/engine_core/tests/golden/math.g2_l52.find_value/math.g2_l52.find_value_lv3_seed3.yaml"
  ],
  "approval": "/Users/koki/workspace/mongene-v2/engine_core/tests/golden/math.g2_l52.find_value/approval.yaml"
}
{
  "family": "math.g3_l23.find_value",
  "golden_dir": "/Users/koki/workspace/mongene-v2/engine_core/tests/golden/math.g3_l23.find_value",
  "written": [
    "/Users/koki/workspace/mongene-v2/engine_core/tests/golden/math.g3_l23.find_value/math.g3_l23.find_value_lv2_seed1.yaml",
    "/Users/koki/workspace/mongene-v2/engine_core/tests/golden/math.g3_l23.find_value/math.g3_l23.find_value_lv2_seed2.yaml",
    "/Users/koki/workspace/mongene-v2/engine_core/tests/golden/math.g3_l23.find_value/math.g3_l23.find_value_lv2_seed3.yaml"
  ],
  "approval": "/Users/koki/workspace/mongene-v2/engine_core/tests/golden/math.g3_l23.find_value/approval.yaml"
}
{
  "family": "math.g3_l23.word_problem",
  "golden_dir": "/Users/koki/workspace/mongene-v2/engine_core/tests/golden/math.g3_l23.word_problem",
  "written": [
    "/Users/koki/workspace/mongene-v2/engine_core/tests/golden/math.g3_l23.word_problem/math.g3_l23.word_problem_lv2_seed1.yaml",
    "/Users/koki/workspace/mongene-v2/engine_core/tests/golden/math.g3_l23.word_problem/math.g3_l23.word_problem_lv2_seed2.yaml",
    "/Users/koki/workspace/mongene-v2/engine_core/tests/golden/math.g3_l23.word_problem/math.g3_l23.word_problem_lv2_seed3.yaml",
    "/Users/koki/workspace/mongene-v2/engine_core/tests/golden/math.g3_l23.word_problem/math.g3_l23.word_problem_lv3_seed1.yaml",
    "/Users/koki/workspace/mongene-v2/engine_core/tests/golden/math.g3_l23.word_problem/math.g3_l23.word_problem_lv3_seed2.yaml",
    "/Users/koki/workspace/mongene-v2/engine_core/tests/golden/math.g3_l23.word_problem/math.g3_l23.word_problem_lv3_seed3.yaml"
  ],
  "approval": "/Users/koki/workspace/mongene-v2/engine_core/tests/golden/math.g3_l23.word_problem/approval.yaml"
}
{
  "family": "math.g2_l29.find_value",
  "golden_dir": "/Users/koki/workspace/mongene-v2/engine_core/tests/golden/math.g2_l29.find_value",
  "written": [
    "/Users/koki/workspace/mongene-v2/engine_core/tests/golden/math.g2_l29.find_value/math.g2_l29.find_value_lv3_seed1.yaml",
    "/Users/koki/workspace/mongene-v2/engine_core/tests/golden/math.g2_l29.find_value/math.g2_l29.find_value_lv3_seed2.yaml",
    "/Users/koki/workspace/mongene-v2/engine_core/tests/golden/math.g2_l29.find_value/math.g2_l29.find_value_lv3_seed3.yaml"
  ],
  "approval": "/Users/koki/workspace/mongene-v2/engine_core/tests/golden/math.g2_l29.find_value/approval.yaml"
}
{
  "family": "math.g2_l3.calculation",
  "golden_dir": "/Users/koki/workspace/mongene-v2/engine_core/tests/golden/math.g2_l3.calculation",
  "written": [
    "/Users/koki/workspace/mongene-v2/engine_core/tests/golden/math.g2_l3.calculation/math.g2_l3.calculation_lv1_seed1.yaml",
    "/Users/koki/workspace/mongene-v2/engine_core/tests/golden/math.g2_l3.calculation/math.g2_l3.calculation_lv1_seed2.yaml",
    "/Users/koki/workspace/mongene-v2/engine_core/tests/golden/math.g2_l3.calculation/math.g2_l3.calculation_lv1_seed3.yaml",
    "/Users/koki/workspace/mongene-v2/engine_core/tests/golden/math.g2_l3.calculation/math.g2_l3.calculation_lv2_seed1.yaml",
    "/Users/koki/workspace/mongene-v2/engine_core/tests/golden/math.g2_l3.calculation/math.g2_l3.calculation_lv2_seed2.yaml",
    "/Users/koki/workspace/mongene-v2/engine_core/tests/golden/math.g2_l3.calculation/math.g2_l3.calculation_lv2_seed3.yaml"
  ],
  "approval": "/Users/koki/workspace/mongene-v2/engine_core/tests/golden/math.g2_l3.calculation/approval.yaml"
}
{
  "family": "math.g2_l46.find_value",
  "golden_dir": "/Users/koki/workspace/mongene-v2/engine_core/tests/golden/math.g2_l46.find_value",
  "written": [
    "/Users/koki/workspace/mongene-v2/engine_core/tests/golden/math.g2_l46.find_value/math.g2_l46.find_value_lv1_seed1.yaml",
    "/Users/koki/workspace/mongene-v2/engine_core/tests/golden/math.g2_l46.find_value/math.g2_l46.find_value_lv1_seed2.yaml",
    "/Users/koki/workspace/mongene-v2/engine_core/tests/golden/math.g2_l46.find_value/math.g2_l46.find_value_lv1_seed3.yaml"
  ],
  "approval": "/Users/koki/workspace/mongene-v2/engine_core/tests/golden/math.g2_l46.find_value/approval.yaml"
}
{
  "family": "math.g2_l46.knowledge",
  "golden_dir": "/Users/koki/workspace/mongene-v2/engine_core/tests/golden/math.g2_l46.knowledge",
  "written": [
    "/Users/koki/workspace/mongene-v2/engine_core/tests/golden/math.g2_l46.knowledge/math.g2_l46.knowledge_lv1_seed1.yaml",
    "/Users/koki/workspace/mongene-v2/engine_core/tests/golden/math.g2_l46.knowledge/math.g2_l46.knowledge_lv1_seed2.yaml",
    "/Users/koki/workspace/mongene-v2/engine_core/tests/golden/math.g2_l46.knowledge/math.g2_l46.knowledge_lv1_seed3.yaml"
  ],
  "approval": "/Users/koki/workspace/mongene-v2/engine_core/tests/golden/math.g2_l46.knowledge/approval.yaml"
}
{
  "family": "math.g2_l47.knowledge",
  "golden_dir": "/Users/koki/workspace/mongene-v2/engine_core/tests/golden/math.g2_l47.knowledge",
  "written": [
    "/Users/koki/workspace/mongene-v2/engine_core/tests/golden/math.g2_l47.knowledge/math.g2_l47.knowledge_lv1_seed1.yaml",
    "/Users/koki/workspace/mongene-v2/engine_core/tests/golden/math.g2_l47.knowledge/math.g2_l47.knowledge_lv1_seed2.yaml",
    "/Users/koki/workspace/mongene-v2/engine_core/tests/golden/math.g2_l47.knowledge/math.g2_l47.knowledge_lv1_seed3.yaml",
    "/Users/koki/workspace/mongene-v2/engine_core/tests/golden/math.g2_l47.knowledge/math.g2_l47.knowledge_lv2_seed1.yaml",
    "/Users/koki/workspace/mongene-v2/engine_core/tests/golden/math.g2_l47.knowledge/math.g2_l47.knowledge_lv2_seed2.yaml",
    "/Users/koki/workspace/mongene-v2/engine_core/tests/golden/math.g2_l47.knowledge/math.g2_l47.knowledge_lv2_seed3.yaml"
  ],
  "approval": "/Users/koki/workspace/mongene-v2/engine_core/tests/golden/math.g2_l47.knowledge/approval.yaml"
}
{
  "family": "math.g2_l49.find_value",
  "golden_dir": "/Users/koki/workspace/mongene-v2/engine_core/tests/golden/math.g2_l49.find_value",
  "written": [
    "/Users/koki/workspace/mongene-v2/engine_core/tests/golden/math.g2_l49.find_value/math.g2_l49.find_value_lv1_seed1.yaml",
    "/Users/koki/workspace/mongene-v2/engine_core/tests/golden/math.g2_l49.find_value/math.g2_l49.find_value_lv1_seed2.yaml",
    "/Users/koki/workspace/mongene-v2/engine_core/tests/golden/math.g2_l49.find_value/math.g2_l49.find_value_lv1_seed3.yaml"
  ],
  "approval": "/Users/koki/workspace/mongene-v2/engine_core/tests/golden/math.g2_l49.find_value/approval.yaml"
}
{
  "family": "math.g3_l10.calculation",
  "golden_dir": "/Users/koki/workspace/mongene-v2/engine_core/tests/golden/math.g3_l10.calculation",
  "written": [
    "/Users/koki/workspace/mongene-v2/engine_core/tests/golden/math.g3_l10.calculation/math.g3_l10.calculation_lv1_seed1.yaml",
    "/Users/koki/workspace/mongene-v2/engine_core/tests/golden/math.g3_l10.calculation/math.g3_l10.calculation_lv1_seed2.yaml",
    "/Users/koki/workspace/mongene-v2/engine_core/tests/golden/math.g3_l10.calculation/math.g3_l10.calculation_lv1_seed3.yaml"
  ],
  "approval": "/Users/koki/workspace/mongene-v2/engine_core/tests/golden/math.g3_l10.calculation/approval.yaml"
}
{
  "family": "math.g3_l11.calculation",
  "golden_dir": "/Users/koki/workspace/mongene-v2/engine_core/tests/golden/math.g3_l11.calculation",
  "written": [
    "/Users/koki/workspace/mongene-v2/engine_core/tests/golden/math.g3_l11.calculation/math.g3_l11.calculation_lv2_seed1.yaml",
    "/Users/koki/workspace/mongene-v2/engine_core/tests/golden/math.g3_l11.calculation/math.g3_l11.calculation_lv2_seed2.yaml",
    "/Users/koki/workspace/mongene-v2/engine_core/tests/golden/math.g3_l11.calculation/math.g3_l11.calculation_lv2_seed3.yaml",
    "/Users/koki/workspace/mongene-v2/engine_core/tests/golden/math.g3_l11.calculation/math.g3_l11.calculation_lv3_seed1.yaml",
    "/Users/koki/workspace/mongene-v2/engine_core/tests/golden/math.g3_l11.calculation/math.g3_l11.calculation_lv3_seed2.yaml",
    "/Users/koki/workspace/mongene-v2/engine_core/tests/golden/math.g3_l11.calculation/math.g3_l11.calculation_lv3_seed3.yaml"
  ],
  "approval": "/Users/koki/workspace/mongene-v2/engine_core/tests/golden/math.g3_l11.calculation/approval.yaml"
}
{
  "family": "math.g3_l12.calculation",
  "golden_dir": "/Users/koki/workspace/mongene-v2/engine_core/tests/golden/math.g3_l12.calculation",
  "written": [
    "/Users/koki/workspace/mongene-v2/engine_core/tests/golden/math.g3_l12.calculation/math.g3_l12.calculation_lv2_seed1.yaml",
    "/Users/koki/workspace/mongene-v2/engine_core/tests/golden/math.g3_l12.calculation/math.g3_l12.calculation_lv2_seed2.yaml",
    "/Users/koki/workspace/mongene-v2/engine_core/tests/golden/math.g3_l12.calculation/math.g3_l12.calculation_lv2_seed3.yaml",
    "/Users/koki/workspace/mongene-v2/engine_core/tests/golden/math.g3_l12.calculation/math.g3_l12.calculation_lv3_seed1.yaml",
    "/Users/koki/workspace/mongene-v2/engine_core/tests/golden/math.g3_l12.calculation/math.g3_l12.calculation_lv3_seed2.yaml",
    "/Users/koki/workspace/mongene-v2/engine_core/tests/golden/math.g3_l12.calculation/math.g3_l12.calculation_lv3_seed3.yaml"
  ],
  "approval": "/Users/koki/workspace/mongene-v2/engine_core/tests/golden/math.g3_l12.calculation/approval.yaml"
}
{
  "family": "math.g3_l13.calculation",
  "golden_dir": "/Users/koki/workspace/mongene-v2/engine_core/tests/golden/math.g3_l13.calculation",
  "written": [
    "/Users/koki/workspace/mongene-v2/engine_core/tests/golden/math.g3_l13.calculation/math.g3_l13.calculation_lv2_seed1.yaml",
    "/Users/koki/workspace/mongene-v2/engine_core/tests/golden/math.g3_l13.calculation/math.g3_l13.calculation_lv2_seed2.yaml",
    "/Users/koki/workspace/mongene-v2/engine_core/tests/golden/math.g3_l13.calculation/math.g3_l13.calculation_lv2_seed3.yaml"
  ],
  "approval": "/Users/koki/workspace/mongene-v2/engine_core/tests/golden/math.g3_l13.calculation/approval.yaml"
}
{
  "family": "math.g3_l28.calculation",
  "golden_dir": "/Users/koki/workspace/mongene-v2/engine_core/tests/golden/math.g3_l28.calculation",
  "written": [
    "/Users/koki/workspace/mongene-v2/engine_core/tests/golden/math.g3_l28.calculation/math.g3_l28.calculation_lv2_seed1.yaml",
    "/Users/koki/workspace/mongene-v2/engine_core/tests/golden/math.g3_l28.calculation/math.g3_l28.calculation_lv2_seed2.yaml",
    "/Users/koki/workspace/mongene-v2/engine_core/tests/golden/math.g3_l28.calculation/math.g3_l28.calculation_lv2_seed3.yaml",
    "/Users/koki/workspace/mongene-v2/engine_core/tests/golden/math.g3_l28.calculation/math.g3_l28.calculation_lv3_seed1.yaml",
    "/Users/koki/workspace/mongene-v2/engine_core/tests/golden/math.g3_l28.calculation/math.g3_l28.calculation_lv3_seed2.yaml",
    "/Users/koki/workspace/mongene-v2/engine_core/tests/golden/math.g3_l28.calculation/math.g3_l28.calculation_lv3_seed3.yaml"
  ],
  "approval": "/Users/koki/workspace/mongene-v2/engine_core/tests/golden/math.g3_l28.calculation/approval.yaml"
}
{
  "family": "math.g2_l30.word_problem",
  "golden_dir": "/Users/koki/workspace/mongene-v2/engine_core/tests/golden/math.g2_l30.word_problem",
  "written": [
    "/Users/koki/workspace/mongene-v2/engine_core/tests/golden/math.g2_l30.word_problem/math.g2_l30.word_problem_lv3_seed1.yaml",
    "/Users/koki/workspace/mongene-v2/engine_core/tests/golden/math.g2_l30.word_problem/math.g2_l30.word_problem_lv3_seed2.yaml",
    "/Users/koki/workspace/mongene-v2/engine_core/tests/golden/math.g2_l30.word_problem/math.g2_l30.word_problem_lv3_seed3.yaml",
    "/Users/koki/workspace/mongene-v2/engine_core/tests/golden/math.g2_l30.word_problem/math.g2_l30.word_problem_lv4_seed1.yaml",
    "/Users/koki/workspace/mongene-v2/engine_core/tests/golden/math.g2_l30.word_problem/math.g2_l30.word_problem_lv4_seed2.yaml",
    "/Users/koki/workspace/mongene-v2/engine_core/tests/golden/math.g2_l30.word_problem/math.g2_l30.word_problem_lv4_seed3.yaml"
  ],
  "approval": "/Users/koki/workspace/mongene-v2/engine_core/tests/golden/math.g2_l30.word_problem/approval.yaml"
}
{
  "family": "math.g2_l31.find_value",
  "golden_dir": "/Users/koki/workspace/mongene-v2/engine_core/tests/golden/math.g2_l31.find_value",
  "written": [
    "/Users/koki/workspace/mongene-v2/engine_core/tests/golden/math.g2_l31.find_value/math.g2_l31.find_value_lv1_seed1.yaml",
    "/Users/koki/workspace/mongene-v2/engine_core/tests/golden/math.g2_l31.find_value/math.g2_l31.find_value_lv1_seed2.yaml",
    "/Users/koki/workspace/mongene-v2/engine_core/tests/golden/math.g2_l31.find_value/math.g2_l31.find_value_lv1_seed3.yaml",
    "/Users/koki/workspace/mongene-v2/engine_core/tests/golden/math.g2_l31.find_value/math.g2_l31.find_value_lv2_seed1.yaml",
    "/Users/koki/workspace/mongene-v2/engine_core/tests/golden/math.g2_l31.find_value/math.g2_l31.find_value_lv2_seed2.yaml",
    "/Users/koki/workspace/mongene-v2/engine_core/tests/golden/math.g2_l31.find_value/math.g2_l31.find_value_lv2_seed3.yaml"
  ],
  "approval": "/Users/koki/workspace/mongene-v2/engine_core/tests/golden/math.g2_l31.find_value/approval.yaml"
}
{
  "family": "math.g2_l49.knowledge",
  "golden_dir": "/Users/koki/workspace/mongene-v2/engine_core/tests/golden/math.g2_l49.knowledge",
  "written": [
    "/Users/koki/workspace/mongene-v2/engine_core/tests/golden/math.g2_l49.knowledge/math.g2_l49.knowledge_lv1_seed1.yaml",
    "/Users/koki/workspace/mongene-v2/engine_core/tests/golden/math.g2_l49.knowledge/math.g2_l49.knowledge_lv1_seed2.yaml",
    "/Users/koki/workspace/mongene-v2/engine_core/tests/golden/math.g2_l49.knowledge/math.g2_l49.knowledge_lv1_seed3.yaml",
    "/Users/koki/workspace/mongene-v2/engine_core/tests/golden/math.g2_l49.knowledge/math.g2_l49.knowledge_lv2_seed1.yaml",
    "/Users/koki/workspace/mongene-v2/engine_core/tests/golden/math.g2_l49.knowledge/math.g2_l49.knowledge_lv2_seed2.yaml",
    "/Users/koki/workspace/mongene-v2/engine_core/tests/golden/math.g2_l49.knowledge/math.g2_l49.knowledge_lv2_seed3.yaml"
  ],
  "approval": "/Users/koki/workspace/mongene-v2/engine_core/tests/golden/math.g2_l49.knowledge/approval.yaml"
}
{
  "family": "math.g2_l5.calculation",
  "golden_dir": "/Users/koki/workspace/mongene-v2/engine_core/tests/golden/math.g2_l5.calculation",
  "written": [
    "/Users/koki/workspace/mongene-v2/engine_core/tests/golden/math.g2_l5.calculation/math.g2_l5.calculation_lv1_seed1.yaml",
    "/Users/koki/workspace/mongene-v2/engine_core/tests/golden/math.g2_l5.calculation/math.g2_l5.calculation_lv1_seed2.yaml",
    "/Users/koki/workspace/mongene-v2/engine_core/tests/golden/math.g2_l5.calculation/math.g2_l5.calculation_lv1_seed3.yaml",
    "/Users/koki/workspace/mongene-v2/engine_core/tests/golden/math.g2_l5.calculation/math.g2_l5.calculation_lv2_seed1.yaml",
    "/Users/koki/workspace/mongene-v2/engine_core/tests/golden/math.g2_l5.calculation/math.g2_l5.calculation_lv2_seed2.yaml",
    "/Users/koki/workspace/mongene-v2/engine_core/tests/golden/math.g2_l5.calculation/math.g2_l5.calculation_lv2_seed3.yaml"
  ],
  "approval": "/Users/koki/workspace/mongene-v2/engine_core/tests/golden/math.g2_l5.calculation/approval.yaml"
}
{
  "family": "math.g2_l50.find_value",
  "golden_dir": "/Users/koki/workspace/mongene-v2/engine_core/tests/golden/math.g2_l50.find_value",
  "written": [
    "/Users/koki/workspace/mongene-v2/engine_core/tests/golden/math.g2_l50.find_value/math.g2_l50.find_value_lv2_seed1.yaml",
    "/Users/koki/workspace/mongene-v2/engine_core/tests/golden/math.g2_l50.find_value/math.g2_l50.find_value_lv2_seed2.yaml",
    "/Users/koki/workspace/mongene-v2/engine_core/tests/golden/math.g2_l50.find_value/math.g2_l50.find_value_lv2_seed3.yaml",
    "/Users/koki/workspace/mongene-v2/engine_core/tests/golden/math.g2_l50.find_value/math.g2_l50.find_value_lv3_seed1.yaml",
    "/Users/koki/workspace/mongene-v2/engine_core/tests/golden/math.g2_l50.find_value/math.g2_l50.find_value_lv3_seed2.yaml",
    "/Users/koki/workspace/mongene-v2/engine_core/tests/golden/math.g2_l50.find_value/math.g2_l50.find_value_lv3_seed3.yaml"
  ],
  "approval": "/Users/koki/workspace/mongene-v2/engine_core/tests/golden/math.g2_l50.find_value/approval.yaml"
}
{
  "family": "math.g2_l50.knowledge",
  "golden_dir": "/Users/koki/workspace/mongene-v2/engine_core/tests/golden/math.g2_l50.knowledge",
  "written": [
    "/Users/koki/workspace/mongene-v2/engine_core/tests/golden/math.g2_l50.knowledge/math.g2_l50.knowledge_lv1_seed1.yaml",
    "/Users/koki/workspace/mongene-v2/engine_core/tests/golden/math.g2_l50.knowledge/math.g2_l50.knowledge_lv1_seed2.yaml",
    "/Users/koki/workspace/mongene-v2/engine_core/tests/golden/math.g2_l50.knowledge/math.g2_l50.knowledge_lv1_seed3.yaml"
  ],
  "approval": "/Users/koki/workspace/mongene-v2/engine_core/tests/golden/math.g2_l50.knowledge/approval.yaml"
}
{
  "family": "math.g3_l16.calculation",
  "golden_dir": "/Users/koki/workspace/mongene-v2/engine_core/tests/golden/math.g3_l16.calculation",
  "written": [
    "/Users/koki/workspace/mongene-v2/engine_core/tests/golden/math.g3_l16.calculation/math.g3_l16.calculation_lv1_seed1.yaml",
    "/Users/koki/workspace/mongene-v2/engine_core/tests/golden/math.g3_l16.calculation/math.g3_l16.calculation_lv1_seed2.yaml",
    "/Users/koki/workspace/mongene-v2/engine_core/tests/golden/math.g3_l16.calculation/math.g3_l16.calculation_lv1_seed3.yaml",
    "/Users/koki/workspace/mongene-v2/engine_core/tests/golden/math.g3_l16.calculation/math.g3_l16.calculation_lv2_seed1.yaml",
    "/Users/koki/workspace/mongene-v2/engine_core/tests/golden/math.g3_l16.calculation/math.g3_l16.calculation_lv2_seed2.yaml",
    "/Users/koki/workspace/mongene-v2/engine_core/tests/golden/math.g3_l16.calculation/math.g3_l16.calculation_lv2_seed3.yaml"
  ],
  "approval": "/Users/koki/workspace/mongene-v2/engine_core/tests/golden/math.g3_l16.calculation/approval.yaml"
}
{
  "family": "math.g3_l16.knowledge",
  "golden_dir": "/Users/koki/workspace/mongene-v2/engine_core/tests/golden/math.g3_l16.knowledge",
  "written": [
    "/Users/koki/workspace/mongene-v2/engine_core/tests/golden/math.g3_l16.knowledge/math.g3_l16.knowledge_lv1_seed1.yaml",
    "/Users/koki/workspace/mongene-v2/engine_core/tests/golden/math.g3_l16.knowledge/math.g3_l16.knowledge_lv1_seed2.yaml",
    "/Users/koki/workspace/mongene-v2/engine_core/tests/golden/math.g3_l16.knowledge/math.g3_l16.knowledge_lv1_seed3.yaml",
    "/Users/koki/workspace/mongene-v2/engine_core/tests/golden/math.g3_l16.knowledge/math.g3_l16.knowledge_lv2_seed1.yaml",
    "/Users/koki/workspace/mongene-v2/engine_core/tests/golden/math.g3_l16.knowledge/math.g3_l16.knowledge_lv2_seed2.yaml",
    "/Users/koki/workspace/mongene-v2/engine_core/tests/golden/math.g3_l16.knowledge/math.g3_l16.knowledge_lv2_seed3.yaml"
  ],
  "approval": "/Users/koki/workspace/mongene-v2/engine_core/tests/golden/math.g3_l16.knowledge/approval.yaml"
}
{
  "family": "math.g3_l17.calculation",
  "golden_dir": "/Users/koki/workspace/mongene-v2/engine_core/tests/golden/math.g3_l17.calculation",
  "written": [
    "/Users/koki/workspace/mongene-v2/engine_core/tests/golden/math.g3_l17.calculation/math.g3_l17.calculation_lv1_seed1.yaml",
    "/Users/koki/workspace/mongene-v2/engine_core/tests/golden/math.g3_l17.calculation/math.g3_l17.calculation_lv1_seed2.yaml",
    "/Users/koki/workspace/mongene-v2/engine_core/tests/golden/math.g3_l17.calculation/math.g3_l17.calculation_lv1_seed3.yaml",
    "/Users/koki/workspace/mongene-v2/engine_core/tests/golden/math.g3_l17.calculation/math.g3_l17.calculation_lv2_seed1.yaml",
    "/Users/koki/workspace/mongene-v2/engine_core/tests/golden/math.g3_l17.calculation/math.g3_l17.calculation_lv2_seed2.yaml",
    "/Users/koki/workspace/mongene-v2/engine_core/tests/golden/math.g3_l17.calculation/math.g3_l17.calculation_lv2_seed3.yaml"
  ],
  "approval": "/Users/koki/workspace/mongene-v2/engine_core/tests/golden/math.g3_l17.calculation/approval.yaml"
}
{
  "family": "math.g2_l32.knowledge",
  "golden_dir": "/Users/koki/workspace/mongene-v2/engine_core/tests/golden/math.g2_l32.knowledge",
  "written": [
    "/Users/koki/workspace/mongene-v2/engine_core/tests/golden/math.g2_l32.knowledge/math.g2_l32.knowledge_lv1_seed1.yaml",
    "/Users/koki/workspace/mongene-v2/engine_core/tests/golden/math.g2_l32.knowledge/math.g2_l32.knowledge_lv1_seed2.yaml",
    "/Users/koki/workspace/mongene-v2/engine_core/tests/golden/math.g2_l32.knowledge/math.g2_l32.knowledge_lv1_seed3.yaml",
    "/Users/koki/workspace/mongene-v2/engine_core/tests/golden/math.g2_l32.knowledge/math.g2_l32.knowledge_lv2_seed1.yaml",
    "/Users/koki/workspace/mongene-v2/engine_core/tests/golden/math.g2_l32.knowledge/math.g2_l32.knowledge_lv2_seed2.yaml",
    "/Users/koki/workspace/mongene-v2/engine_core/tests/golden/math.g2_l32.knowledge/math.g2_l32.knowledge_lv2_seed3.yaml"
  ],
  "approval": "/Users/koki/workspace/mongene-v2/engine_core/tests/golden/math.g2_l32.knowledge/approval.yaml"
}
{
  "family": "math.g2_l33.find_value",
  "golden_dir": "/Users/koki/workspace/mongene-v2/engine_core/tests/golden/math.g2_l33.find_value",
  "written": [
    "/Users/koki/workspace/mongene-v2/engine_core/tests/golden/math.g2_l33.find_value/math.g2_l33.find_value_lv1_seed1.yaml",
    "/Users/koki/workspace/mongene-v2/engine_core/tests/golden/math.g2_l33.find_value/math.g2_l33.find_value_lv1_seed2.yaml",
    "/Users/koki/workspace/mongene-v2/engine_core/tests/golden/math.g2_l33.find_value/math.g2_l33.find_value_lv1_seed3.yaml",
    "/Users/koki/workspace/mongene-v2/engine_core/tests/golden/math.g2_l33.find_value/math.g2_l33.find_value_lv2_seed1.yaml",
    "/Users/koki/workspace/mongene-v2/engine_core/tests/golden/math.g2_l33.find_value/math.g2_l33.find_value_lv2_seed2.yaml",
    "/Users/koki/workspace/mongene-v2/engine_core/tests/golden/math.g2_l33.find_value/math.g2_l33.find_value_lv2_seed3.yaml"
  ],
  "approval": "/Users/koki/workspace/mongene-v2/engine_core/tests/golden/math.g2_l33.find_value/approval.yaml"
}
{
  "family": "math.g2_l54.knowledge",
  "golden_dir": "/Users/koki/workspace/mongene-v2/engine_core/tests/golden/math.g2_l54.knowledge",
  "written": [
    "/Users/koki/workspace/mongene-v2/engine_core/tests/golden/math.g2_l54.knowledge/math.g2_l54.knowledge_lv1_seed1.yaml",
    "/Users/koki/workspace/mongene-v2/engine_core/tests/golden/math.g2_l54.knowledge/math.g2_l54.knowledge_lv1_seed2.yaml",
    "/Users/koki/workspace/mongene-v2/engine_core/tests/golden/math.g2_l54.knowledge/math.g2_l54.knowledge_lv1_seed3.yaml"
  ],
  "approval": "/Users/koki/workspace/mongene-v2/engine_core/tests/golden/math.g2_l54.knowledge/approval.yaml"
}
{
  "family": "math.g2_l54.word_problem",
  "golden_dir": "/Users/koki/workspace/mongene-v2/engine_core/tests/golden/math.g2_l54.word_problem",
  "written": [
    "/Users/koki/workspace/mongene-v2/engine_core/tests/golden/math.g2_l54.word_problem/math.g2_l54.word_problem_lv2_seed1.yaml",
    "/Users/koki/workspace/mongene-v2/engine_core/tests/golden/math.g2_l54.word_problem/math.g2_l54.word_problem_lv2_seed2.yaml",
    "/Users/koki/workspace/mongene-v2/engine_core/tests/golden/math.g2_l54.word_problem/math.g2_l54.word_problem_lv2_seed3.yaml",
    "/Users/koki/workspace/mongene-v2/engine_core/tests/golden/math.g2_l54.word_problem/math.g2_l54.word_problem_lv3_seed1.yaml",
    "/Users/koki/workspace/mongene-v2/engine_core/tests/golden/math.g2_l54.word_problem/math.g2_l54.word_problem_lv3_seed2.yaml",
    "/Users/koki/workspace/mongene-v2/engine_core/tests/golden/math.g2_l54.word_problem/math.g2_l54.word_problem_lv3_seed3.yaml",
    "/Users/koki/workspace/mongene-v2/engine_core/tests/golden/math.g2_l54.word_problem/math.g2_l54.word_problem_lv4_seed1.yaml",
    "/Users/koki/workspace/mongene-v2/engine_core/tests/golden/math.g2_l54.word_problem/math.g2_l54.word_problem_lv4_seed2.yaml",
    "/Users/koki/workspace/mongene-v2/engine_core/tests/golden/math.g2_l54.word_problem/math.g2_l54.word_problem_lv4_seed3.yaml"
  ],
  "approval": "/Users/koki/workspace/mongene-v2/engine_core/tests/golden/math.g2_l54.word_problem/approval.yaml"
}
{
  "family": "math.g2_l55.calculation",
  "golden_dir": "/Users/koki/workspace/mongene-v2/engine_core/tests/golden/math.g2_l55.calculation",
  "written": [
    "/Users/koki/workspace/mongene-v2/engine_core/tests/golden/math.g2_l55.calculation/math.g2_l55.calculation_lv1_seed1.yaml",
    "/Users/koki/workspace/mongene-v2/engine_core/tests/golden/math.g2_l55.calculation/math.g2_l55.calculation_lv1_seed2.yaml",
    "/Users/koki/workspace/mongene-v2/engine_core/tests/golden/math.g2_l55.calculation/math.g2_l55.calculation_lv1_seed3.yaml",
    "/Users/koki/workspace/mongene-v2/engine_core/tests/golden/math.g2_l55.calculation/math.g2_l55.calculation_lv3_seed1.yaml",
    "/Users/koki/workspace/mongene-v2/engine_core/tests/golden/math.g2_l55.calculation/math.g2_l55.calculation_lv3_seed2.yaml",
    "/Users/koki/workspace/mongene-v2/engine_core/tests/golden/math.g2_l55.calculation/math.g2_l55.calculation_lv3_seed3.yaml"
  ],
  "approval": "/Users/koki/workspace/mongene-v2/engine_core/tests/golden/math.g2_l55.calculation/approval.yaml"
}
{
  "family": "math.g2_l55.knowledge",
  "golden_dir": "/Users/koki/workspace/mongene-v2/engine_core/tests/golden/math.g2_l55.knowledge",
  "written": [
    "/Users/koki/workspace/mongene-v2/engine_core/tests/golden/math.g2_l55.knowledge/math.g2_l55.knowledge_lv1_seed1.yaml",
    "/Users/koki/workspace/mongene-v2/engine_core/tests/golden/math.g2_l55.knowledge/math.g2_l55.knowledge_lv1_seed2.yaml",
    "/Users/koki/workspace/mongene-v2/engine_core/tests/golden/math.g2_l55.knowledge/math.g2_l55.knowledge_lv1_seed3.yaml"
  ],
  "approval": "/Users/koki/workspace/mongene-v2/engine_core/tests/golden/math.g2_l55.knowledge/approval.yaml"
}
{
  "family": "math.g3_l19.calculation",
  "golden_dir": "/Users/koki/workspace/mongene-v2/engine_core/tests/golden/math.g3_l19.calculation",
  "written": [
    "/Users/koki/workspace/mongene-v2/engine_core/tests/golden/math.g3_l19.calculation/math.g3_l19.calculation_lv1_seed1.yaml",
    "/Users/koki/workspace/mongene-v2/engine_core/tests/golden/math.g3_l19.calculation/math.g3_l19.calculation_lv1_seed2.yaml",
    "/Users/koki/workspace/mongene-v2/engine_core/tests/golden/math.g3_l19.calculation/math.g3_l19.calculation_lv1_seed3.yaml"
  ],
  "approval": "/Users/koki/workspace/mongene-v2/engine_core/tests/golden/math.g3_l19.calculation/approval.yaml"
}
{
  "family": "math.g3_l2.calculation",
  "golden_dir": "/Users/koki/workspace/mongene-v2/engine_core/tests/golden/math.g3_l2.calculation",
  "written": [
    "/Users/koki/workspace/mongene-v2/engine_core/tests/golden/math.g3_l2.calculation/math.g3_l2.calculation_lv1_seed1.yaml",
    "/Users/koki/workspace/mongene-v2/engine_core/tests/golden/math.g3_l2.calculation/math.g3_l2.calculation_lv1_seed2.yaml",
    "/Users/koki/workspace/mongene-v2/engine_core/tests/golden/math.g3_l2.calculation/math.g3_l2.calculation_lv1_seed3.yaml",
    "/Users/koki/workspace/mongene-v2/engine_core/tests/golden/math.g3_l2.calculation/math.g3_l2.calculation_lv2_seed1.yaml",
    "/Users/koki/workspace/mongene-v2/engine_core/tests/golden/math.g3_l2.calculation/math.g3_l2.calculation_lv2_seed2.yaml",
    "/Users/koki/workspace/mongene-v2/engine_core/tests/golden/math.g3_l2.calculation/math.g3_l2.calculation_lv2_seed3.yaml"
  ],
  "approval": "/Users/koki/workspace/mongene-v2/engine_core/tests/golden/math.g3_l2.calculation/approval.yaml"
}
{
  "family": "math.g3_l2.knowledge",
  "golden_dir": "/Users/koki/workspace/mongene-v2/engine_core/tests/golden/math.g3_l2.knowledge",
  "written": [
    "/Users/koki/workspace/mongene-v2/engine_core/tests/golden/math.g3_l2.knowledge/math.g3_l2.knowledge_lv1_seed1.yaml",
    "/Users/koki/workspace/mongene-v2/engine_core/tests/golden/math.g3_l2.knowledge/math.g3_l2.knowledge_lv1_seed2.yaml",
    "/Users/koki/workspace/mongene-v2/engine_core/tests/golden/math.g3_l2.knowledge/math.g3_l2.knowledge_lv1_seed3.yaml"
  ],
  "approval": "/Users/koki/workspace/mongene-v2/engine_core/tests/golden/math.g3_l2.knowledge/approval.yaml"
}
{
  "family": "math.g3_l20.calculation",
  "golden_dir": "/Users/koki/workspace/mongene-v2/engine_core/tests/golden/math.g3_l20.calculation",
  "written": [
    "/Users/koki/workspace/mongene-v2/engine_core/tests/golden/math.g3_l20.calculation/math.g3_l20.calculation_lv1_seed1.yaml",
    "/Users/koki/workspace/mongene-v2/engine_core/tests/golden/math.g3_l20.calculation/math.g3_l20.calculation_lv1_seed2.yaml",
    "/Users/koki/workspace/mongene-v2/engine_core/tests/golden/math.g3_l20.calculation/math.g3_l20.calculation_lv1_seed3.yaml",
    "/Users/koki/workspace/mongene-v2/engine_core/tests/golden/math.g3_l20.calculation/math.g3_l20.calculation_lv2_seed1.yaml",
    "/Users/koki/workspace/mongene-v2/engine_core/tests/golden/math.g3_l20.calculation/math.g3_l20.calculation_lv2_seed2.yaml",
    "/Users/koki/workspace/mongene-v2/engine_core/tests/golden/math.g3_l20.calculation/math.g3_l20.calculation_lv2_seed3.yaml"
  ],
  "approval": "/Users/koki/workspace/mongene-v2/engine_core/tests/golden/math.g3_l20.calculation/approval.yaml"
}... 200/280
... 240/280

{
  "family": "math.g3_l15.calculation",
  "golden_dir": "/Users/koki/workspace/mongene-v2/engine_core/tests/golden/math.g3_l15.calculation",
  "written": [
    "/Users/koki/workspace/mongene-v2/engine_core/tests/golden/math.g3_l15.calculation/math.g3_l15.calculation_lv1_seed1.yaml",
    "/Users/koki/workspace/mongene-v2/engine_core/tests/golden/math.g3_l15.calculation/math.g3_l15.calculation_lv1_seed2.yaml",
    "/Users/koki/workspace/mongene-v2/engine_core/tests/golden/math.g3_l15.calculation/math.g3_l15.calculation_lv1_seed3.yaml",
    "/Users/koki/workspace/mongene-v2/engine_core/tests/golden/math.g3_l15.calculation/math.g3_l15.calculation_lv2_seed1.yaml",
    "/Users/koki/workspace/mongene-v2/engine_core/tests/golden/math.g3_l15.calculation/math.g3_l15.calculation_lv2_seed2.yaml",
    "/Users/koki/workspace/mongene-v2/engine_core/tests/golden/math.g3_l15.calculation/math.g3_l15.calculation_lv2_seed3.yaml"
  ],
  "approval": "/Users/koki/workspace/mongene-v2/engine_core/tests/golden/math.g3_l15.calculation/approval.yaml"
}
{
  "family": "math.g3_l15.knowledge",
  "golden_dir": "/Users/koki/workspace/mongene-v2/engine_core/tests/golden/math.g3_l15.knowledge",
  "written": [
    "/Users/koki/workspace/mongene-v2/engine_core/tests/golden/math.g3_l15.knowledge/math.g3_l15.knowledge_lv1_seed1.yaml",
    "/Users/koki/workspace/mongene-v2/engine_core/tests/golden/math.g3_l15.knowledge/math.g3_l15.knowledge_lv1_seed2.yaml",
    "/Users/koki/workspace/mongene-v2/engine_core/tests/golden/math.g3_l15.knowledge/math.g3_l15.knowledge_lv1_seed3.yaml"
  ],
  "approval": "/Users/koki/workspace/mongene-v2/engine_core/tests/golden/math.g3_l15.knowledge/approval.yaml"
}
{
  "family": "math.g3_l3.calculation",
  "golden_dir": "/Users/koki/workspace/mongene-v2/engine_core/tests/golden/math.g3_l3.calculation",
  "written": [
    "/Users/koki/workspace/mongene-v2/engine_core/tests/golden/math.g3_l3.calculation/math.g3_l3.calculation_lv1_seed1.yaml",
    "/Users/koki/workspace/mongene-v2/engine_core/tests/golden/math.g3_l3.calculation/math.g3_l3.calculation_lv1_seed2.yaml",
    "/Users/koki/workspace/mongene-v2/engine_core/tests/golden/math.g3_l3.calculation/math.g3_l3.calculation_lv1_seed3.yaml",
    "/Users/koki/workspace/mongene-v2/engine_core/tests/golden/math.g3_l3.calculation/math.g3_l3.calculation_lv2_seed1.yaml",
    "/Users/koki/workspace/mongene-v2/engine_core/tests/golden/math.g3_l3.calculation/math.g3_l3.calculation_lv2_seed2.yaml",
    "/Users/koki/workspace/mongene-v2/engine_core/tests/golden/math.g3_l3.calculation/math.g3_l3.calculation_lv2_seed3.yaml"
  ],
  "approval": "/Users/koki/workspace/mongene-v2/engine_core/tests/golden/math.g3_l3.calculation/approval.yaml"
}
{
  "family": "math.g3_l3.knowledge",
  "golden_dir": "/Users/koki/workspace/mongene-v2/engine_core/tests/golden/math.g3_l3.knowledge",
  "written": [
    "/Users/koki/workspace/mongene-v2/engine_core/tests/golden/math.g3_l3.knowledge/math.g3_l3.knowledge_lv1_seed1.yaml",
    "/Users/koki/workspace/mongene-v2/engine_core/tests/golden/math.g3_l3.knowledge/math.g3_l3.knowledge_lv1_seed2.yaml",
    "/Users/koki/workspace/mongene-v2/engine_core/tests/golden/math.g3_l3.knowledge/math.g3_l3.knowledge_lv1_seed3.yaml"
  ],
  "approval": "/Users/koki/workspace/mongene-v2/engine_core/tests/golden/math.g3_l3.knowledge/approval.yaml"
}
{
  "family": "math.g3_l30.calculation",
  "golden_dir": "/Users/koki/workspace/mongene-v2/engine_core/tests/golden/math.g3_l30.calculation",
  "written": [
    "/Users/koki/workspace/mongene-v2/engine_core/tests/golden/math.g3_l30.calculation/math.g3_l30.calculation_lv2_seed1.yaml",
    "/Users/koki/workspace/mongene-v2/engine_core/tests/golden/math.g3_l30.calculation/math.g3_l30.calculation_lv2_seed2.yaml",
    "/Users/koki/workspace/mongene-v2/engine_core/tests/golden/math.g3_l30.calculation/math.g3_l30.calculation_lv2_seed3.yaml"
  ],
  "approval": "/Users/koki/workspace/mongene-v2/engine_core/tests/golden/math.g3_l30.calculation/approval.yaml"
}
{
  "family": "math.g3_l30.find_value",
  "golden_dir": "/Users/koki/workspace/mongene-v2/engine_core/tests/golden/math.g3_l30.find_value",
  "written": [
    "/Users/koki/workspace/mongene-v2/engine_core/tests/golden/math.g3_l30.find_value/math.g3_l30.find_value_lv2_seed1.yaml",
    "/Users/koki/workspace/mongene-v2/engine_core/tests/golden/math.g3_l30.find_value/math.g3_l30.find_value_lv2_seed2.yaml",
    "/Users/koki/workspace/mongene-v2/engine_core/tests/golden/math.g3_l30.find_value/math.g3_l30.find_value_lv2_seed3.yaml"
  ],
  "approval": "/Users/koki/workspace/mongene-v2/engine_core/tests/golden/math.g3_l30.find_value/approval.yaml"
}
{
  "family": "math.g3_l44.knowledge",
  "golden_dir": "/Users/koki/workspace/mongene-v2/engine_core/tests/golden/math.g3_l44.knowledge",
  "written": [
    "/Users/koki/workspace/mongene-v2/engine_core/tests/golden/math.g3_l44.knowledge/math.g3_l44.knowledge_lv1_seed1.yaml",
    "/Users/koki/workspace/mongene-v2/engine_core/tests/golden/math.g3_l44.knowledge/math.g3_l44.knowledge_lv1_seed2.yaml",
    "/Users/koki/workspace/mongene-v2/engine_core/tests/golden/math.g3_l44.knowledge/math.g3_l44.knowledge_lv1_seed3.yaml"
  ],
  "approval": "/Users/koki/workspace/mongene-v2/engine_core/tests/golden/math.g3_l44.knowledge/approval.yaml"
}
{
  "family": "math.g3_l45.find_value",
  "golden_dir": "/Users/koki/workspace/mongene-v2/engine_core/tests/golden/math.g3_l45.find_value",
  "written": [
    "/Users/koki/workspace/mongene-v2/engine_core/tests/golden/math.g3_l45.find_value/math.g3_l45.find_value_lv2_seed1.yaml",
    "/Users/koki/workspace/mongene-v2/engine_core/tests/golden/math.g3_l45.find_value/math.g3_l45.find_value_lv2_seed2.yaml",
    "/Users/koki/workspace/mongene-v2/engine_core/tests/golden/math.g3_l45.find_value/math.g3_l45.find_value_lv2_seed3.yaml",
    "/Users/koki/workspace/mongene-v2/engine_core/tests/golden/math.g3_l45.find_value/math.g3_l45.find_value_lv3_seed1.yaml",
    "/Users/koki/workspace/mongene-v2/engine_core/tests/golden/math.g3_l45.find_value/math.g3_l45.find_value_lv3_seed2.yaml",
    "/Users/koki/workspace/mongene-v2/engine_core/tests/golden/math.g3_l45.find_value/math.g3_l45.find_value_lv3_seed3.yaml"
  ],
  "approval": "/Users/koki/workspace/mongene-v2/engine_core/tests/golden/math.g3_l45.find_value/approval.yaml"
}
{
  "family": "math.g3_l45.knowledge",
  "golden_dir": "/Users/koki/workspace/mongene-v2/engine_core/tests/golden/math.g3_l45.knowledge",
  "written": [
    "/Users/koki/workspace/mongene-v2/engine_core/tests/golden/math.g3_l45.knowledge/math.g3_l45.knowledge_lv1_seed1.yaml",
    "/Users/koki/workspace/mongene-v2/engine_core/tests/golden/math.g3_l45.knowledge/math.g3_l45.knowledge_lv1_seed2.yaml",
    "/Users/koki/workspace/mongene-v2/engine_core/tests/golden/math.g3_l45.knowledge/math.g3_l45.knowledge_lv1_seed3.yaml"
  ],
  "approval": "/Users/koki/workspace/mongene-v2/engine_core/tests/golden/math.g3_l45.knowledge/approval.yaml"
}
{
  "family": "math.g3_l46.find_value",
  "golden_dir": "/Users/koki/workspace/mongene-v2/engine_core/tests/golden/math.g3_l46.find_value",
  "written": [
    "/Users/koki/workspace/mongene-v2/engine_core/tests/golden/math.g3_l46.find_value/math.g3_l46.find_value_lv2_seed1.yaml",
    "/Users/koki/workspace/mongene-v2/engine_core/tests/golden/math.g3_l46.find_value/math.g3_l46.find_value_lv2_seed2.yaml",
    "/Users/koki/workspace/mongene-v2/engine_core/tests/golden/math.g3_l46.find_value/math.g3_l46.find_value_lv2_seed3.yaml",
    "/Users/koki/workspace/mongene-v2/engine_core/tests/golden/math.g3_l46.find_value/math.g3_l46.find_value_lv3_seed1.yaml",
    "/Users/koki/workspace/mongene-v2/engine_core/tests/golden/math.g3_l46.find_value/math.g3_l46.find_value_lv3_seed2.yaml",
    "/Users/koki/workspace/mongene-v2/engine_core/tests/golden/math.g3_l46.find_value/math.g3_l46.find_value_lv3_seed3.yaml"
  ],
  "approval": "/Users/koki/workspace/mongene-v2/engine_core/tests/golden/math.g3_l46.find_value/approval.yaml"
}
{
  "family": "math.g3_l7.calculation",
  "golden_dir": "/Users/koki/workspace/mongene-v2/engine_core/tests/golden/math.g3_l7.calculation",
  "written": [
    "/Users/koki/workspace/mongene-v2/engine_core/tests/golden/math.g3_l7.calculation/math.g3_l7.calculation_lv1_seed1.yaml",
    "/Users/koki/workspace/mongene-v2/engine_core/tests/golden/math.g3_l7.calculation/math.g3_l7.calculation_lv1_seed2.yaml",
    "/Users/koki/workspace/mongene-v2/engine_core/tests/golden/math.g3_l7.calculation/math.g3_l7.calculation_lv1_seed3.yaml",
    "/Users/koki/workspace/mongene-v2/engine_core/tests/golden/math.g3_l7.calculation/math.g3_l7.calculation_lv2_seed1.yaml",
    "/Users/koki/workspace/mongene-v2/engine_core/tests/golden/math.g3_l7.calculation/math.g3_l7.calculation_lv2_seed2.yaml",
    "/Users/koki/workspace/mongene-v2/engine_core/tests/golden/math.g3_l7.calculation/math.g3_l7.calculation_lv2_seed3.yaml"
  ],
  "approval": "/Users/koki/workspace/mongene-v2/engine_core/tests/golden/math.g3_l7.calculation/approval.yaml"
}
{
  "family": "math.g3_l22.calculation",
  "golden_dir": "/Users/koki/workspace/mongene-v2/engine_core/tests/golden/math.g3_l22.calculation",
  "written": [
    "/Users/koki/workspace/mongene-v2/engine_core/tests/golden/math.g3_l22.calculation/math.g3_l22.calculation_lv2_seed1.yaml",
    "/Users/koki/workspace/mongene-v2/engine_core/tests/golden/math.g3_l22.calculation/math.g3_l22.calculation_lv2_seed2.yaml",
    "/Users/koki/workspace/mongene-v2/engine_core/tests/golden/math.g3_l22.calculation/math.g3_l22.calculation_lv2_seed3.yaml",
    "/Users/koki/workspace/mongene-v2/engine_core/tests/golden/math.g3_l22.calculation/math.g3_l22.calculation_lv3_seed1.yaml",
    "/Users/koki/workspace/mongene-v2/engine_core/tests/golden/math.g3_l22.calculation/math.g3_l22.calculation_lv3_seed2.yaml",
    "/Users/koki/workspace/mongene-v2/engine_core/tests/golden/math.g3_l22.calculation/math.g3_l22.calculation_lv3_seed3.yaml"
  ],
  "approval": "/Users/koki/workspace/mongene-v2/engine_core/tests/golden/math.g3_l22.calculation/approval.yaml"
}
{
  "family": "math.g3_l22.knowledge",
  "golden_dir": "/Users/koki/workspace/mongene-v2/engine_core/tests/golden/math.g3_l22.knowledge",
  "written": [
    "/Users/koki/workspace/mongene-v2/engine_core/tests/golden/math.g3_l22.knowledge/math.g3_l22.knowledge_lv1_seed1.yaml",
    "/Users/koki/workspace/mongene-v2/engine_core/tests/golden/math.g3_l22.knowledge/math.g3_l22.knowledge_lv1_seed2.yaml",
    "/Users/koki/workspace/mongene-v2/engine_core/tests/golden/math.g3_l22.knowledge/math.g3_l22.knowledge_lv1_seed3.yaml"
  ],
  "approval": "/Users/koki/workspace/mongene-v2/engine_core/tests/golden/math.g3_l22.knowledge/approval.yaml"
}
{
  "family": "math.g3_l23.calculation",
  "golden_dir": "/Users/koki/workspace/mongene-v2/engine_core/tests/golden/math.g3_l23.calculation",
  "written": [
    "/Users/koki/workspace/mongene-v2/engine_core/tests/golden/math.g3_l23.calculation/math.g3_l23.calculation_lv2_seed1.yaml",
    "/Users/koki/workspace/mongene-v2/engine_core/tests/golden/math.g3_l23.calculation/math.g3_l23.calculation_lv2_seed2.yaml",
    "/Users/koki/workspace/mongene-v2/engine_core/tests/golden/math.g3_l23.calculation/math.g3_l23.calculation_lv2_seed3.yaml"
  ],
  "approval": "/Users/koki/workspace/mongene-v2/engine_core/tests/golden/math.g3_l23.calculation/approval.yaml"
}
{
  "family": "math.g3_l35.knowledge",
  "golden_dir": "/Users/koki/workspace/mongene-v2/engine_core/tests/golden/math.g3_l35.knowledge",
  "written": [
    "/Users/koki/workspace/mongene-v2/engine_core/tests/golden/math.g3_l35.knowledge/math.g3_l35.knowledge_lv1_seed1.yaml",
    "/Users/koki/workspace/mongene-v2/engine_core/tests/golden/math.g3_l35.knowledge/math.g3_l35.knowledge_lv1_seed2.yaml",
    "/Users/koki/workspace/mongene-v2/engine_core/tests/golden/math.g3_l35.knowledge/math.g3_l35.knowledge_lv1_seed3.yaml"
  ],
  "approval": "/Users/koki/workspace/mongene-v2/engine_core/tests/golden/math.g3_l35.knowledge/approval.yaml"
}
{
  "family": "math.g3_l36.word_problem",
  "golden_dir": "/Users/koki/workspace/mongene-v2/engine_core/tests/golden/math.g3_l36.word_problem",
  "written": [
    "/Users/koki/workspace/mongene-v2/engine_core/tests/golden/math.g3_l36.word_problem/math.g3_l36.word_problem_lv2_seed1.yaml",
    "/Users/koki/workspace/mongene-v2/engine_core/tests/golden/math.g3_l36.word_problem/math.g3_l36.word_problem_lv2_seed2.yaml",
    "/Users/koki/workspace/mongene-v2/engine_core/tests/golden/math.g3_l36.word_problem/math.g3_l36.word_problem_lv2_seed3.yaml",
    "/Users/koki/workspace/mongene-v2/engine_core/tests/golden/math.g3_l36.word_problem/math.g3_l36.word_problem_lv3_seed1.yaml",
    "/Users/koki/workspace/mongene-v2/engine_core/tests/golden/math.g3_l36.word_problem/math.g3_l36.word_problem_lv3_seed2.yaml",
    "/Users/koki/workspace/mongene-v2/engine_core/tests/golden/math.g3_l36.word_problem/math.g3_l36.word_problem_lv3_seed3.yaml"
  ],
  "approval": "/Users/koki/workspace/mongene-v2/engine_core/tests/golden/math.g3_l36.word_problem/approval.yaml"
}
{
  "family": "math.g3_l37.find_value",
  "golden_dir": "/Users/koki/workspace/mongene-v2/engine_core/tests/golden/math.g3_l37.find_value",
  "written": [
    "/Users/koki/workspace/mongene-v2/engine_core/tests/golden/math.g3_l37.find_value/math.g3_l37.find_value_lv2_seed1.yaml",
    "/Users/koki/workspace/mongene-v2/engine_core/tests/golden/math.g3_l37.find_value/math.g3_l37.find_value_lv2_seed2.yaml",
    "/Users/koki/workspace/mongene-v2/engine_core/tests/golden/math.g3_l37.find_value/math.g3_l37.find_value_lv2_seed3.yaml",
    "/Users/koki/workspace/mongene-v2/engine_core/tests/golden/math.g3_l37.find_value/math.g3_l37.find_value_lv3_seed1.yaml",
    "/Users/koki/workspace/mongene-v2/engine_core/tests/golden/math.g3_l37.find_value/math.g3_l37.find_value_lv3_seed2.yaml",
    "/Users/koki/workspace/mongene-v2/engine_core/tests/golden/math.g3_l37.find_value/math.g3_l37.find_value_lv3_seed3.yaml",
    "/Users/koki/workspace/mongene-v2/engine_core/tests/golden/math.g3_l37.find_value/math.g3_l37.find_value_lv4_seed1.yaml",
    "/Users/koki/workspace/mongene-v2/engine_core/tests/golden/math.g3_l37.find_value/math.g3_l37.find_value_lv4_seed2.yaml",
    "/Users/koki/workspace/mongene-v2/engine_core/tests/golden/math.g3_l37.find_value/math.g3_l37.find_value_lv4_seed3.yaml"
  ],
  "approval": "/Users/koki/workspace/mongene-v2/engine_core/tests/golden/math.g3_l37.find_value/approval.yaml"
}
{
  "family": "math.g3_l38.find_value",
  "golden_dir": "/Users/koki/workspace/mongene-v2/engine_core/tests/golden/math.g3_l38.find_value",
  "written": [
    "/Users/koki/workspace/mongene-v2/engine_core/tests/golden/math.g3_l38.find_value/math.g3_l38.find_value_lv2_seed1.yaml",
    "/Users/koki/workspace/mongene-v2/engine_core/tests/golden/math.g3_l38.find_value/math.g3_l38.find_value_lv2_seed2.yaml",
    "/Users/koki/workspace/mongene-v2/engine_core/tests/golden/math.g3_l38.find_value/math.g3_l38.find_value_lv2_seed3.yaml",
    "/Users/koki/workspace/mongene-v2/engine_core/tests/golden/math.g3_l38.find_value/math.g3_l38.find_value_lv3_seed1.yaml",
    "/Users/koki/workspace/mongene-v2/engine_core/tests/golden/math.g3_l38.find_value/math.g3_l38.find_value_lv3_seed2.yaml",
    "/Users/koki/workspace/mongene-v2/engine_core/tests/golden/math.g3_l38.find_value/math.g3_l38.find_value_lv3_seed3.yaml"
  ],
  "approval": "/Users/koki/workspace/mongene-v2/engine_core/tests/golden/math.g3_l38.find_value/approval.yaml"
}
{
  "family": "math.g3_l59.word_problem",
  "golden_dir": "/Users/koki/workspace/mongene-v2/engine_core/tests/golden/math.g3_l59.word_problem",
  "written": [
    "/Users/koki/workspace/mongene-v2/engine_core/tests/golden/math.g3_l59.word_problem/math.g3_l59.word_problem_lv2_seed1.yaml",
    "/Users/koki/workspace/mongene-v2/engine_core/tests/golden/math.g3_l59.word_problem/math.g3_l59.word_problem_lv2_seed2.yaml",
    "/Users/koki/workspace/mongene-v2/engine_core/tests/golden/math.g3_l59.word_problem/math.g3_l59.word_problem_lv2_seed3.yaml",
    "/Users/koki/workspace/mongene-v2/engine_core/tests/golden/math.g3_l59.word_problem/math.g3_l59.word_problem_lv3_seed1.yaml",
    "/Users/koki/workspace/mongene-v2/engine_core/tests/golden/math.g3_l59.word_problem/math.g3_l59.word_problem_lv3_seed2.yaml",
    "/Users/koki/workspace/mongene-v2/engine_core/tests/golden/math.g3_l59.word_problem/math.g3_l59.word_problem_lv3_seed3.yaml"
  ],
  "approval": "/Users/koki/workspace/mongene-v2/engine_core/tests/golden/math.g3_l59.word_problem/approval.yaml"
}
{
  "family": "math.g3_l6.calculation",
  "golden_dir": "/Users/koki/workspace/mongene-v2/engine_core/tests/golden/math.g3_l6.calculation",
  "written": [
    "/Users/koki/workspace/mongene-v2/engine_core/tests/golden/math.g3_l6.calculation/math.g3_l6.calculation_lv2_seed1.yaml",
    "/Users/koki/workspace/mongene-v2/engine_core/tests/golden/math.g3_l6.calculation/math.g3_l6.calculation_lv2_seed2.yaml",
    "/Users/koki/workspace/mongene-v2/engine_core/tests/golden/math.g3_l6.calculation/math.g3_l6.calculation_lv2_seed3.yaml",
    "/Users/koki/workspace/mongene-v2/engine_core/tests/golden/math.g3_l6.calculation/math.g3_l6.calculation_lv3_seed1.yaml",
    "/Users/koki/workspace/mongene-v2/engine_core/tests/golden/math.g3_l6.calculation/math.g3_l6.calculation_lv3_seed2.yaml",
    "/Users/koki/workspace/mongene-v2/engine_core/tests/golden/math.g3_l6.calculation/math.g3_l6.calculation_lv3_seed3.yaml"
  ],
  "approval": "/Users/koki/workspace/mongene-v2/engine_core/tests/golden/math.g3_l6.calculation/approval.yaml"
}
{
  "family": "math.g3_l28.knowledge",
  "golden_dir": "/Users/koki/workspace/mongene-v2/engine_core/tests/golden/math.g3_l28.knowledge",
  "written": [
    "/Users/koki/workspace/mongene-v2/engine_core/tests/golden/math.g3_l28.knowledge/math.g3_l28.knowledge_lv2_seed1.yaml",
    "/Users/koki/workspace/mongene-v2/engine_core/tests/golden/math.g3_l28.knowledge/math.g3_l28.knowledge_lv2_seed2.yaml",
    "/Users/koki/workspace/mongene-v2/engine_core/tests/golden/math.g3_l28.knowledge/math.g3_l28.knowledge_lv2_seed3.yaml"
  ],
  "approval": "/Users/koki/workspace/mongene-v2/engine_core/tests/golden/math.g3_l28.knowledge/approval.yaml"
}
{
  "family": "math.g3_l29.calculation",
  "golden_dir": "/Users/koki/workspace/mongene-v2/engine_core/tests/golden/math.g3_l29.calculation",
  "written": [
    "/Users/koki/workspace/mongene-v2/engine_core/tests/golden/math.g3_l29.calculation/math.g3_l29.calculation_lv2_seed1.yaml",
    "/Users/koki/workspace/mongene-v2/engine_core/tests/golden/math.g3_l29.calculation/math.g3_l29.calculation_lv2_seed2.yaml",
    "/Users/koki/workspace/mongene-v2/engine_core/tests/golden/math.g3_l29.calculation/math.g3_l29.calculation_lv2_seed3.yaml"
  ],
  "approval": "/Users/koki/workspace/mongene-v2/engine_core/tests/golden/math.g3_l29.calculation/approval.yaml"
}
{
  "family": "math.g3_l29.word_problem",
  "golden_dir": "/Users/koki/workspace/mongene-v2/engine_core/tests/golden/math.g3_l29.word_problem",
  "written": [
    "/Users/koki/workspace/mongene-v2/engine_core/tests/golden/math.g3_l29.word_problem/math.g3_l29.word_problem_lv2_seed1.yaml",
    "/Users/koki/workspace/mongene-v2/engine_core/tests/golden/math.g3_l29.word_problem/math.g3_l29.word_problem_lv2_seed2.yaml",
    "/Users/koki/workspace/mongene-v2/engine_core/tests/golden/math.g3_l29.word_problem/math.g3_l29.word_problem_lv2_seed3.yaml",
    "/Users/koki/workspace/mongene-v2/engine_core/tests/golden/math.g3_l29.word_problem/math.g3_l29.word_problem_lv3_seed1.yaml",
    "/Users/koki/workspace/mongene-v2/engine_core/tests/golden/math.g3_l29.word_problem/math.g3_l29.word_problem_lv3_seed2.yaml",
    "/Users/koki/workspace/mongene-v2/engine_core/tests/golden/math.g3_l29.word_problem/math.g3_l29.word_problem_lv3_seed3.yaml"
  ],
  "approval": "/Users/koki/workspace/mongene-v2/engine_core/tests/golden/math.g3_l29.word_problem/approval.yaml"
}
{
  "family": "math.g3_l40.find_value",
  "golden_dir": "/Users/koki/workspace/mongene-v2/engine_core/tests/golden/math.g3_l40.find_value",
  "written": [
    "/Users/koki/workspace/mongene-v2/engine_core/tests/golden/math.g3_l40.find_value/math.g3_l40.find_value_lv2_seed1.yaml",
    "/Users/koki/workspace/mongene-v2/engine_core/tests/golden/math.g3_l40.find_value/math.g3_l40.find_value_lv2_seed2.yaml",
    "/Users/koki/workspace/mongene-v2/engine_core/tests/golden/math.g3_l40.find_value/math.g3_l40.find_value_lv2_seed3.yaml"
  ],
  "approval": "/Users/koki/workspace/mongene-v2/engine_core/tests/golden/math.g3_l40.find_value/approval.yaml"
}
{
  "family": "math.g3_l40.knowledge",
  "golden_dir": "/Users/koki/workspace/mongene-v2/engine_core/tests/golden/math.g3_l40.knowledge",
  "written": [
    "/Users/koki/workspace/mongene-v2/engine_core/tests/golden/math.g3_l40.knowledge/math.g3_l40.knowledge_lv1_seed1.yaml",
    "/Users/koki/workspace/mongene-v2/engine_core/tests/golden/math.g3_l40.knowledge/math.g3_l40.knowledge_lv1_seed2.yaml",
    "/Users/koki/workspace/mongene-v2/engine_core/tests/golden/math.g3_l40.knowledge/math.g3_l40.knowledge_lv1_seed3.yaml",
    "/Users/koki/workspace/mongene-v2/engine_core/tests/golden/math.g3_l40.knowledge/math.g3_l40.knowledge_lv2_seed1.yaml",
    "/Users/koki/workspace/mongene-v2/engine_core/tests/golden/math.g3_l40.knowledge/math.g3_l40.knowledge_lv2_seed2.yaml",
    "/Users/koki/workspace/mongene-v2/engine_core/tests/golden/math.g3_l40.knowledge/math.g3_l40.knowledge_lv2_seed3.yaml"
  ],
  "approval": "/Users/koki/workspace/mongene-v2/engine_core/tests/golden/math.g3_l40.knowledge/approval.yaml"
}
{
  "family": "math.g3_l41.find_value",
  "golden_dir": "/Users/koki/workspace/mongene-v2/engine_core/tests/golden/math.g3_l41.find_value",
  "written": [
    "/Users/koki/workspace/mongene-v2/engine_core/tests/golden/math.g3_l41.find_value/math.g3_l41.find_value_lv2_seed1.yaml",
    "/Users/koki/workspace/mongene-v2/engine_core/tests/golden/math.g3_l41.find_value/math.g3_l41.find_value_lv2_seed2.yaml",
    "/Users/koki/workspace/mongene-v2/engine_core/tests/golden/math.g3_l41.find_value/math.g3_l41.find_value_lv2_seed3.yaml"
  ],
  "approval": "/Users/koki/workspace/mongene-v2/engine_core/tests/golden/math.g3_l41.find_value/approval.yaml"
}
{
  "family": "math.g3_l42.find_value",
  "golden_dir": "/Users/koki/workspace/mongene-v2/engine_core/tests/golden/math.g3_l42.find_value",
  "written": [
    "/Users/koki/workspace/mongene-v2/engine_core/tests/golden/math.g3_l42.find_value/math.g3_l42.find_value_lv2_seed1.yaml",
    "/Users/koki/workspace/mongene-v2/engine_core/tests/golden/math.g3_l42.find_value/math.g3_l42.find_value_lv2_seed2.yaml",
    "/Users/koki/workspace/mongene-v2/engine_core/tests/golden/math.g3_l42.find_value/math.g3_l42.find_value_lv2_seed3.yaml",
    "/Users/koki/workspace/mongene-v2/engine_core/tests/golden/math.g3_l42.find_value/math.g3_l42.find_value_lv3_seed1.yaml",
    "/Users/koki/workspace/mongene-v2/engine_core/tests/golden/math.g3_l42.find_value/math.g3_l42.find_value_lv3_seed2.yaml",
    "/Users/koki/workspace/mongene-v2/engine_core/tests/golden/math.g3_l42.find_value/math.g3_l42.find_value_lv3_seed3.yaml"
  ],
  "approval": "/Users/koki/workspace/mongene-v2/engine_core/tests/golden/math.g3_l42.find_value/approval.yaml"
}
{
  "family": "math.g3_l57.knowledge",
  "golden_dir": "/Users/koki/workspace/mongene-v2/engine_core/tests/golden/math.g3_l57.knowledge",
  "written": [
    "/Users/koki/workspace/mongene-v2/engine_core/tests/golden/math.g3_l57.knowledge/math.g3_l57.knowledge_lv1_seed1.yaml",
    "/Users/koki/workspace/mongene-v2/engine_core/tests/golden/math.g3_l57.knowledge/math.g3_l57.knowledge_lv1_seed2.yaml",
    "/Users/koki/workspace/mongene-v2/engine_core/tests/golden/math.g3_l57.knowledge/math.g3_l57.knowledge_lv1_seed3.yaml",
    "/Users/koki/workspace/mongene-v2/engine_core/tests/golden/math.g3_l57.knowledge/math.g3_l57.knowledge_lv2_seed1.yaml",
    "/Users/koki/workspace/mongene-v2/engine_core/tests/golden/math.g3_l57.knowledge/math.g3_l57.knowledge_lv2_seed2.yaml",
    "/Users/koki/workspace/mongene-v2/engine_core/tests/golden/math.g3_l57.knowledge/math.g3_l57.knowledge_lv2_seed3.yaml"
  ],
  "approval": "/Users/koki/workspace/mongene-v2/engine_core/tests/golden/math.g3_l57.knowledge/approval.yaml"
}
{
  "family": "math.g3_l58.knowledge",
  "golden_dir": "/Users/koki/workspace/mongene-v2/engine_core/tests/golden/math.g3_l58.knowledge",
  "written": [
    "/Users/koki/workspace/mongene-v2/engine_core/tests/golden/math.g3_l58.knowledge/math.g3_l58.knowledge_lv1_seed1.yaml",
    "/Users/koki/workspace/mongene-v2/engine_core/tests/golden/math.g3_l58.knowledge/math.g3_l58.knowledge_lv1_seed2.yaml",
    "/Users/koki/workspace/mongene-v2/engine_core/tests/golden/math.g3_l58.knowledge/math.g3_l58.knowledge_lv1_seed3.yaml",
    "/Users/koki/workspace/mongene-v2/engine_core/tests/golden/math.g3_l58.knowledge/math.g3_l58.knowledge_lv2_seed1.yaml",
    "/Users/koki/workspace/mongene-v2/engine_core/tests/golden/math.g3_l58.knowledge/math.g3_l58.knowledge_lv2_seed2.yaml",
    "/Users/koki/workspace/mongene-v2/engine_core/tests/golden/math.g3_l58.knowledge/math.g3_l58.knowledge_lv2_seed3.yaml"
  ],
  "approval": "/Users/koki/workspace/mongene-v2/engine_core/tests/golden/math.g3_l58.knowledge/approval.yaml"
}
{
  "family": "math.g3_l59.calculation",
  "golden_dir": "/Users/koki/workspace/mongene-v2/engine_core/tests/golden/math.g3_l59.calculation",
  "written": [
    "/Users/koki/workspace/mongene-v2/engine_core/tests/golden/math.g3_l59.calculation/math.g3_l59.calculation_lv1_seed1.yaml",
    "/Users/koki/workspace/mongene-v2/engine_core/tests/golden/math.g3_l59.calculation/math.g3_l59.calculation_lv1_seed2.yaml",
    "/Users/koki/workspace/mongene-v2/engine_core/tests/golden/math.g3_l59.calculation/math.g3_l59.calculation_lv1_seed3.yaml"
  ],
  "approval": "/Users/koki/workspace/mongene-v2/engine_core/tests/golden/math.g3_l59.calculation/approval.yaml"
}
{
  "family": "math.g3_l24.calculation",
  "golden_dir": "/Users/koki/workspace/mongene-v2/engine_core/tests/golden/math.g3_l24.calculation",
  "written": [
    "/Users/koki/workspace/mongene-v2/engine_core/tests/golden/math.g3_l24.calculation/math.g3_l24.calculation_lv1_seed1.yaml",
    "/Users/koki/workspace/mongene-v2/engine_core/tests/golden/math.g3_l24.calculation/math.g3_l24.calculation_lv1_seed2.yaml",
    "/Users/koki/workspace/mongene-v2/engine_core/tests/golden/math.g3_l24.calculation/math.g3_l24.calculation_lv1_seed3.yaml"
  ],
  "approval": "/Users/koki/workspace/mongene-v2/engine_core/tests/golden/math.g3_l24.calculation/approval.yaml"
}
{
  "family": "math.g3_l24.knowledge",
  "golden_dir": "/Users/koki/workspace/mongene-v2/engine_core/tests/golden/math.g3_l24.knowledge",
  "written": [
    "/Users/koki/workspace/mongene-v2/engine_core/tests/golden/math.g3_l24.knowledge/math.g3_l24.knowledge_lv1_seed1.yaml",
    "/Users/koki/workspace/mongene-v2/engine_core/tests/golden/math.g3_l24.knowledge/math.g3_l24.knowledge_lv1_seed2.yaml",
    "/Users/koki/workspace/mongene-v2/engine_core/tests/golden/math.g3_l24.knowledge/math.g3_l24.knowledge_lv1_seed3.yaml",
    "/Users/koki/workspace/mongene-v2/engine_core/tests/golden/math.g3_l24.knowledge/math.g3_l24.knowledge_lv2_seed1.yaml",
    "/Users/koki/workspace/mongene-v2/engine_core/tests/golden/math.g3_l24.knowledge/math.g3_l24.knowledge_lv2_seed2.yaml",
    "/Users/koki/workspace/mongene-v2/engine_core/tests/golden/math.g3_l24.knowledge/math.g3_l24.knowledge_lv2_seed3.yaml"
  ],
  "approval": "/Users/koki/workspace/mongene-v2/engine_core/tests/golden/math.g3_l24.knowledge/approval.yaml"
}
{
  "family": "math.g3_l32.knowledge",
  "golden_dir": "/Users/koki/workspace/mongene-v2/engine_core/tests/golden/math.g3_l32.knowledge",
  "written": [
    "/Users/koki/workspace/mongene-v2/engine_core/tests/golden/math.g3_l32.knowledge/math.g3_l32.knowledge_lv1_seed1.yaml",
    "/Users/koki/workspace/mongene-v2/engine_core/tests/golden/math.g3_l32.knowledge/math.g3_l32.knowledge_lv1_seed2.yaml",
    "/Users/koki/workspace/mongene-v2/engine_core/tests/golden/math.g3_l32.knowledge/math.g3_l32.knowledge_lv1_seed3.yaml",
    "/Users/koki/workspace/mongene-v2/engine_core/tests/golden/math.g3_l32.knowledge/math.g3_l32.knowledge_lv2_seed1.yaml",
    "/Users/koki/workspace/mongene-v2/engine_core/tests/golden/math.g3_l32.knowledge/math.g3_l32.knowledge_lv2_seed2.yaml",
    "/Users/koki/workspace/mongene-v2/engine_core/tests/golden/math.g3_l32.knowledge/math.g3_l32.knowledge_lv2_seed3.yaml"
  ],
  "approval": "/Users/koki/workspace/mongene-v2/engine_core/tests/golden/math.g3_l32.knowledge/approval.yaml"
}
{
  "family": "math.g3_l32.word_problem",
  "golden_dir": "/Users/koki/workspace/mongene-v2/engine_core/tests/golden/math.g3_l32.word_problem",
  "written": [
    "/Users/koki/workspace/mongene-v2/engine_core/tests/golden/math.g3_l32.word_problem/math.g3_l32.word_problem_lv2_seed1.yaml",
    "/Users/koki/workspace/mongene-v2/engine_core/tests/golden/math.g3_l32.word_problem/math.g3_l32.word_problem_lv2_seed2.yaml",
    "/Users/koki/workspace/mongene-v2/engine_core/tests/golden/math.g3_l32.word_problem/math.g3_l32.word_problem_lv2_seed3.yaml"
  ],
  "approval": "/Users/koki/workspace/mongene-v2/engine_core/tests/golden/math.g3_l32.word_problem/approval.yaml"
}
{
  "family": "math.g3_l34.find_value",
  "golden_dir": "/Users/koki/workspace/mongene-v2/engine_core/tests/golden/math.g3_l34.find_value",
  "written": [
    "/Users/koki/workspace/mongene-v2/engine_core/tests/golden/math.g3_l34.find_value/math.g3_l34.find_value_lv2_seed1.yaml",
    "/Users/koki/workspace/mongene-v2/engine_core/tests/golden/math.g3_l34.find_value/math.g3_l34.find_value_lv2_seed2.yaml",
    "/Users/koki/workspace/mongene-v2/engine_core/tests/golden/math.g3_l34.find_value/math.g3_l34.find_value_lv2_seed3.yaml",
    "/Users/koki/workspace/mongene-v2/engine_core/tests/golden/math.g3_l34.find_value/math.g3_l34.find_value_lv3_seed1.yaml",
    "/Users/koki/workspace/mongene-v2/engine_core/tests/golden/math.g3_l34.find_value/math.g3_l34.find_value_lv3_seed2.yaml",
    "/Users/koki/workspace/mongene-v2/engine_core/tests/golden/math.g3_l34.find_value/math.g3_l34.find_value_lv3_seed3.yaml"
  ],
  "approval": "/Users/koki/workspace/mongene-v2/engine_core/tests/golden/math.g3_l34.find_value/approval.yaml"
}
{
  "family": "math.g3_l35.find_value",
  "golden_dir": "/Users/koki/workspace/mongene-v2/engine_core/tests/golden/math.g3_l35.find_value",
  "written": [
    "/Users/koki/workspace/mongene-v2/engine_core/tests/golden/math.g3_l35.find_value/math.g3_l35.find_value_lv2_seed1.yaml",
    "/Users/koki/workspace/mongene-v2/engine_core/tests/golden/math.g3_l35.find_value/math.g3_l35.find_value_lv2_seed2.yaml",
    "/Users/koki/workspace/mongene-v2/engine_core/tests/golden/math.g3_l35.find_value/math.g3_l35.find_value_lv2_seed3.yaml",
    "/Users/koki/workspace/mongene-v2/engine_core/tests/golden/math.g3_l35.find_value/math.g3_l35.find_value_lv3_seed1.yaml",
    "/Users/koki/workspace/mongene-v2/engine_core/tests/golden/math.g3_l35.find_value/math.g3_l35.find_value_lv3_seed2.yaml",
    "/Users/koki/workspace/mongene-v2/engine_core/tests/golden/math.g3_l35.find_value/math.g3_l35.find_value_lv3_seed3.yaml"
  ],
  "approval": "/Users/koki/workspace/mongene-v2/engine_core/tests/golden/math.g3_l35.find_value/approval.yaml"
}
{
  "family": "math.g3_l48.knowledge",
  "golden_dir": "/Users/koki/workspace/mongene-v2/engine_core/tests/golden/math.g3_l48.knowledge",
  "written": [
    "/Users/koki/workspace/mongene-v2/engine_core/tests/golden/math.g3_l48.knowledge/math.g3_l48.knowledge_lv1_seed1.yaml",
    "/Users/koki/workspace/mongene-v2/engine_core/tests/golden/math.g3_l48.knowledge/math.g3_l48.knowledge_lv1_seed2.yaml",
    "/Users/koki/workspace/mongene-v2/engine_core/tests/golden/math.g3_l48.knowledge/math.g3_l48.knowledge_lv1_seed3.yaml",
    "/Users/koki/workspace/mongene-v2/engine_core/tests/golden/math.g3_l48.knowledge/math.g3_l48.knowledge_lv2_seed1.yaml",
    "/Users/koki/workspace/mongene-v2/engine_core/tests/golden/math.g3_l48.knowledge/math.g3_l48.knowledge_lv2_seed2.yaml",
    "/Users/koki/workspace/mongene-v2/engine_core/tests/golden/math.g3_l48.knowledge/math.g3_l48.knowledge_lv2_seed3.yaml"
  ],
  "approval": "/Users/koki/workspace/mongene-v2/engine_core/tests/golden/math.g3_l48.knowledge/approval.yaml"
}
{
  "family": "math.g3_l49.find_value",
  "golden_dir": "/Users/koki/workspace/mongene-v2/engine_core/tests/golden/math.g3_l49.find_value",
  "written": [
    "/Users/koki/workspace/mongene-v2/engine_core/tests/golden/math.g3_l49.find_value/math.g3_l49.find_value_lv2_seed1.yaml",
    "/Users/koki/workspace/mongene-v2/engine_core/tests/golden/math.g3_l49.find_value/math.g3_l49.find_value_lv2_seed2.yaml",
    "/Users/koki/workspace/mongene-v2/engine_core/tests/golden/math.g3_l49.find_value/math.g3_l49.find_value_lv2_seed3.yaml"
  ],
  "approval": "/Users/koki/workspace/mongene-v2/engine_core/tests/golden/math.g3_l49.find_value/approval.yaml"
}
{
  "family": "math.g3_l5.calculation",
  "golden_dir": "/Users/koki/workspace/mongene-v2/engine_core/tests/golden/math.g3_l5.calculation",
  "written": [
    "/Users/koki/workspace/mongene-v2/engine_core/tests/golden/math.g3_l5.calculation/math.g3_l5.calculation_lv1_seed1.yaml",
    "/Users/koki/workspace/mongene-v2/engine_core/tests/golden/math.g3_l5.calculation/math.g3_l5.calculation_lv1_seed2.yaml",
    "/Users/koki/workspace/mongene-v2/engine_core/tests/golden/math.g3_l5.calculation/math.g3_l5.calculation_lv1_seed3.yaml"
  ],
  "approval": "/Users/koki/workspace/mongene-v2/engine_core/tests/golden/math.g3_l5.calculation/approval.yaml"
}
{
  "family": "math.g3_l50.find_value",
  "golden_dir": "/Users/koki/workspace/mongene-v2/engine_core/tests/golden/math.g3_l50.find_value",
  "written": [
    "/Users/koki/workspace/mongene-v2/engine_core/tests/golden/math.g3_l50.find_value/math.g3_l50.find_value_lv2_seed1.yaml",
    "/Users/koki/workspace/mongene-v2/engine_core/tests/golden/math.g3_l50.find_value/math.g3_l50.find_value_lv2_seed2.yaml",
    "/Users/koki/workspace/mongene-v2/engine_core/tests/golden/math.g3_l50.find_value/math.g3_l50.find_value_lv2_seed3.yaml",
    "/Users/koki/workspace/mongene-v2/engine_core/tests/golden/math.g3_l50.find_value/math.g3_l50.find_value_lv3_seed1.yaml",
    "/Users/koki/workspace/mongene-v2/engine_core/tests/golden/math.g3_l50.find_value/math.g3_l50.find_value_lv3_seed2.yaml",
    "/Users/koki/workspace/mongene-v2/engine_core/tests/golden/math.g3_l50.find_value/math.g3_l50.find_value_lv3_seed3.yaml"
  ],
  "approval": "/Users/koki/workspace/mongene-v2/engine_core/tests/golden/math.g3_l50.find_value/approval.yaml"
}
{
  "family": "math.g3_l26.calculation",
  "golden_dir": "/Users/koki/workspace/mongene-v2/engine_core/tests/golden/math.g3_l26.calculation",
  "written": [
    "/Users/koki/workspace/mongene-v2/engine_core/tests/golden/math.g3_l26.calculation/math.g3_l26.calculation_lv2_seed1.yaml",
    "/Users/koki/workspace/mongene-v2/engine_core/tests/golden/math.g3_l26.calculation/math.g3_l26.calculation_lv2_seed2.yaml",
    "/Users/koki/workspace/mongene-v2/engine_core/tests/golden/math.g3_l26.calculation/math.g3_l26.calculation_lv2_seed3.yaml",
    "/Users/koki/workspace/mongene-v2/engine_core/tests/golden/math.g3_l26.calculation/math.g3_l26.calculation_lv3_seed1.yaml",
    "/Users/koki/workspace/mongene-v2/engine_core/tests/golden/math.g3_l26.calculation/math.g3_l26.calculation_lv3_seed2.yaml",
    "/Users/koki/workspace/mongene-v2/engine_core/tests/golden/math.g3_l26.calculation/math.g3_l26.calculation_lv3_seed3.yaml"
  ],
  "approval": "/Users/koki/workspace/mongene-v2/engine_core/tests/golden/math.g3_l26.calculation/approval.yaml"
}
{
  "family": "math.g3_l26.knowledge",
  "golden_dir": "/Users/koki/workspace/mongene-v2/engine_core/tests/golden/math.g3_l26.knowledge",
  "written": [
    "/Users/koki/workspace/mongene-v2/engine_core/tests/golden/math.g3_l26.knowledge/math.g3_l26.knowledge_lv1_seed1.yaml",
    "/Users/koki/workspace/mongene-v2/engine_core/tests/golden/math.g3_l26.knowledge/math.g3_l26.knowledge_lv1_seed2.yaml",
    "/Users/koki/workspace/mongene-v2/engine_core/tests/golden/math.g3_l26.knowledge/math.g3_l26.knowledge_lv1_seed3.yaml"
  ],
  "approval": "/Users/koki/workspace/mongene-v2/engine_core/tests/golden/math.g3_l26.knowledge/approval.yaml"
}
{
  "family": "math.g3_l27.calculation",
  "golden_dir": "/Users/koki/workspace/mongene-v2/engine_core/tests/golden/math.g3_l27.calculation",
  "written": [
    "/Users/koki/workspace/mongene-v2/engine_core/tests/golden/math.g3_l27.calculation/math.g3_l27.calculation_lv1_seed1.yaml",
    "/Users/koki/workspace/mongene-v2/engine_core/tests/golden/math.g3_l27.calculation/math.g3_l27.calculation_lv1_seed2.yaml",
    "/Users/koki/workspace/mongene-v2/engine_core/tests/golden/math.g3_l27.calculation/math.g3_l27.calculation_lv1_seed3.yaml",
    "/Users/koki/workspace/mongene-v2/engine_core/tests/golden/math.g3_l27.calculation/math.g3_l27.calculation_lv2_seed1.yaml",
    "/Users/koki/workspace/mongene-v2/engine_core/tests/golden/math.g3_l27.calculation/math.g3_l27.calculation_lv2_seed2.yaml",
    "/Users/koki/workspace/mongene-v2/engine_core/tests/golden/math.g3_l27.calculation/math.g3_l27.calculation_lv2_seed3.yaml"
  ],
  "approval": "/Users/koki/workspace/mongene-v2/engine_core/tests/golden/math.g3_l27.calculation/approval.yaml"
}
{
  "family": "math.g3_l42.knowledge",
  "golden_dir": "/Users/koki/workspace/mongene-v2/engine_core/tests/golden/math.g3_l42.knowledge",
  "written": [
    "/Users/koki/workspace/mongene-v2/engine_core/tests/golden/math.g3_l42.knowledge/math.g3_l42.knowledge_lv1_seed1.yaml",
    "/Users/koki/workspace/mongene-v2/engine_core/tests/golden/math.g3_l42.knowledge/math.g3_l42.knowledge_lv1_seed2.yaml",
    "/Users/koki/workspace/mongene-v2/engine_core/tests/golden/math.g3_l42.knowledge/math.g3_l42.knowledge_lv1_seed3.yaml"
  ],
  "approval": "/Users/koki/workspace/mongene-v2/engine_core/tests/golden/math.g3_l42.knowledge/approval.yaml"
}
{
  "family": "math.g3_l43.find_value",
  "golden_dir": "/Users/koki/workspace/mongene-v2/engine_core/tests/golden/math.g3_l43.find_value",
  "written": [
    "/Users/koki/workspace/mongene-v2/engine_core/tests/golden/math.g3_l43.find_value/math.g3_l43.find_value_lv2_seed1.yaml",
    "/Users/koki/workspace/mongene-v2/engine_core/tests/golden/math.g3_l43.find_value/math.g3_l43.find_value_lv2_seed2.yaml",
    "/Users/koki/workspace/mongene-v2/engine_core/tests/golden/math.g3_l43.find_value/math.g3_l43.find_value_lv2_seed3.yaml",
    "/Users/koki/workspace/mongene-v2/engine_core/tests/golden/math.g3_l43.find_value/math.g3_l43.find_value_lv3_seed1.yaml",
    "/Users/koki/workspace/mongene-v2/engine_core/tests/golden/math.g3_l43.find_value/math.g3_l43.find_value_lv3_seed2.yaml",
    "/Users/koki/workspace/mongene-v2/engine_core/tests/golden/math.g3_l43.find_value/math.g3_l43.find_value_lv3_seed3.yaml"
  ],
  "approval": "/Users/koki/workspace/mongene-v2/engine_core/tests/golden/math.g3_l43.find_value/approval.yaml"
}
{
  "family": "math.g3_l43.knowledge",
  "golden_dir": "/Users/koki/workspace/mongene-v2/engine_core/tests/golden/math.g3_l43.knowledge",
  "written": [
    "/Users/koki/workspace/mongene-v2/engine_core/tests/golden/math.g3_l43.knowledge/math.g3_l43.knowledge_lv1_seed1.yaml",
    "/Users/koki/workspace/mongene-v2/engine_core/tests/golden/math.g3_l43.knowledge/math.g3_l43.knowledge_lv1_seed2.yaml",
    "/Users/koki/workspace/mongene-v2/engine_core/tests/golden/math.g3_l43.knowledge/math.g3_l43.knowledge_lv1_seed3.yaml"
  ],
  "approval": "/Users/koki/workspace/mongene-v2/engine_core/tests/golden/math.g3_l43.knowledge/approval.yaml"
}
{
  "family": "math.g3_l44.find_value",
  "golden_dir": "/Users/koki/workspace/mongene-v2/engine_core/tests/golden/math.g3_l44.find_value",
  "written": [
    "/Users/koki/workspace/mongene-v2/engine_core/tests/golden/math.g3_l44.find_value/math.g3_l44.find_value_lv2_seed1.yaml",
    "/Users/koki/workspace/mongene-v2/engine_core/tests/golden/math.g3_l44.find_value/math.g3_l44.find_value_lv2_seed2.yaml",
    "/Users/koki/workspace/mongene-v2/engine_core/tests/golden/math.g3_l44.find_value/math.g3_l44.find_value_lv2_seed3.yaml"
  ],
  "approval": "/Users/koki/workspace/mongene-v2/engine_core/tests/golden/math.g3_l44.find_value/approval.yaml"
}
{
  "family": "math.g3_l52.knowledge",
  "golden_dir": "/Users/koki/workspace/mongene-v2/engine_core/tests/golden/math.g3_l52.knowledge",
  "written": [
    "/Users/koki/workspace/mongene-v2/engine_core/tests/golden/math.g3_l52.knowledge/math.g3_l52.knowledge_lv1_seed1.yaml",
    "/Users/koki/workspace/mongene-v2/engine_core/tests/golden/math.g3_l52.knowledge/math.g3_l52.knowledge_lv1_seed2.yaml",
    "/Users/koki/workspace/mongene-v2/engine_core/tests/golden/math.g3_l52.knowledge/math.g3_l52.knowledge_lv1_seed3.yaml",
    "/Users/koki/workspace/mongene-v2/engine_core/tests/golden/math.g3_l52.knowledge/math.g3_l52.knowledge_lv2_seed1.yaml",
    "/Users/koki/workspace/mongene-v2/engine_core/tests/golden/math.g3_l52.knowledge/math.g3_l52.knowledge_lv2_seed2.yaml",
    "/Users/koki/workspace/mongene-v2/engine_core/tests/golden/math.g3_l52.knowledge/math.g3_l52.knowledge_lv2_seed3.yaml"
  ],
  "approval": "/Users/koki/workspace/mongene-v2/engine_core/tests/golden/math.g3_l52.knowledge/approval.yaml"
}
{
  "family": "math.g3_l53.word_problem",
  "golden_dir": "/Users/koki/workspace/mongene-v2/engine_core/tests/golden/math.g3_l53.word_problem",
  "written": [
    "/Users/koki/workspace/mongene-v2/engine_core/tests/golden/math.g3_l53.word_problem/math.g3_l53.word_problem_lv3_seed1.yaml",
    "/Users/koki/workspace/mongene-v2/engine_core/tests/golden/math.g3_l53.word_problem/math.g3_l53.word_problem_lv3_seed2.yaml",
    "/Users/koki/workspace/mongene-v2/engine_core/tests/golden/math.g3_l53.word_problem/math.g3_l53.word_problem_lv3_seed3.yaml",
    "/Users/koki/workspace/mongene-v2/engine_core/tests/golden/math.g3_l53.word_problem/math.g3_l53.word_problem_lv4_seed1.yaml",
    "/Users/koki/workspace/mongene-v2/engine_core/tests/golden/math.g3_l53.word_problem/math.g3_l53.word_problem_lv4_seed2.yaml",
    "/Users/koki/workspace/mongene-v2/engine_core/tests/golden/math.g3_l53.word_problem/math.g3_l53.word_problem_lv4_seed3.yaml"
  ],
  "approval": "/Users/koki/workspace/mongene-v2/engine_core/tests/golden/math.g3_l53.word_problem/approval.yaml"
}
{
  "family": "math.g3_l55.word_problem",
  "golden_dir": "/Users/koki/workspace/mongene-v2/engine_core/tests/golden/math.g3_l55.word_problem",
  "written": [
    "/Users/koki/workspace/mongene-v2/engine_core/tests/golden/math.g3_l55.word_problem/math.g3_l55.word_problem_lv3_seed1.yaml",
    "/Users/koki/workspace/mongene-v2/engine_core/tests/golden/math.g3_l55.word_problem/math.g3_l55.word_problem_lv3_seed2.yaml",
    "/Users/koki/workspace/mongene-v2/engine_core/tests/golden/math.g3_l55.word_problem/math.g3_l55.word_problem_lv3_seed3.yaml",
    "/Users/koki/workspace/mongene-v2/engine_core/tests/golden/math.g3_l55.word_problem/math.g3_l55.word_problem_lv4_seed1.yaml",
    "/Users/koki/workspace/mongene-v2/engine_core/tests/golden/math.g3_l55.word_problem/math.g3_l55.word_problem_lv4_seed2.yaml",
    "/Users/koki/workspace/mongene-v2/engine_core/tests/golden/math.g3_l55.word_problem/math.g3_l55.word_problem_lv4_seed3.yaml"
  ],
  "approval": "/Users/koki/workspace/mongene-v2/engine_core/tests/golden/math.g3_l55.word_problem/approval.yaml"
}... 280/280

{
  "family": "math.g3_l30.word_problem",
  "golden_dir": "/Users/koki/workspace/mongene-v2/engine_core/tests/golden/math.g3_l30.word_problem",
  "written": [
    "/Users/koki/workspace/mongene-v2/engine_core/tests/golden/math.g3_l30.word_problem/math.g3_l30.word_problem_lv2_seed1.yaml",
    "/Users/koki/workspace/mongene-v2/engine_core/tests/golden/math.g3_l30.word_problem/math.g3_l30.word_problem_lv2_seed2.yaml",
    "/Users/koki/workspace/mongene-v2/engine_core/tests/golden/math.g3_l30.word_problem/math.g3_l30.word_problem_lv2_seed3.yaml",
    "/Users/koki/workspace/mongene-v2/engine_core/tests/golden/math.g3_l30.word_problem/math.g3_l30.word_problem_lv3_seed1.yaml",
    "/Users/koki/workspace/mongene-v2/engine_core/tests/golden/math.g3_l30.word_problem/math.g3_l30.word_problem_lv3_seed2.yaml",
    "/Users/koki/workspace/mongene-v2/engine_core/tests/golden/math.g3_l30.word_problem/math.g3_l30.word_problem_lv3_seed3.yaml"
  ],
  "approval": "/Users/koki/workspace/mongene-v2/engine_core/tests/golden/math.g3_l30.word_problem/approval.yaml"
}
{
  "family": "math.g3_l31.find_value",
  "golden_dir": "/Users/koki/workspace/mongene-v2/engine_core/tests/golden/math.g3_l31.find_value",
  "written": [
    "/Users/koki/workspace/mongene-v2/engine_core/tests/golden/math.g3_l31.find_value/math.g3_l31.find_value_lv2_seed1.yaml",
    "/Users/koki/workspace/mongene-v2/engine_core/tests/golden/math.g3_l31.find_value/math.g3_l31.find_value_lv2_seed2.yaml",
    "/Users/koki/workspace/mongene-v2/engine_core/tests/golden/math.g3_l31.find_value/math.g3_l31.find_value_lv2_seed3.yaml",
    "/Users/koki/workspace/mongene-v2/engine_core/tests/golden/math.g3_l31.find_value/math.g3_l31.find_value_lv3_seed1.yaml",
    "/Users/koki/workspace/mongene-v2/engine_core/tests/golden/math.g3_l31.find_value/math.g3_l31.find_value_lv3_seed2.yaml",
    "/Users/koki/workspace/mongene-v2/engine_core/tests/golden/math.g3_l31.find_value/math.g3_l31.find_value_lv3_seed3.yaml"
  ],
  "approval": "/Users/koki/workspace/mongene-v2/engine_core/tests/golden/math.g3_l31.find_value/approval.yaml"
}
{
  "family": "math.g3_l31.graph_table",
  "golden_dir": "/Users/koki/workspace/mongene-v2/engine_core/tests/golden/math.g3_l31.graph_table",
  "written": [
    "/Users/koki/workspace/mongene-v2/engine_core/tests/golden/math.g3_l31.graph_table/math.g3_l31.graph_table_lv2_seed1.yaml",
    "/Users/koki/workspace/mongene-v2/engine_core/tests/golden/math.g3_l31.graph_table/math.g3_l31.graph_table_lv2_seed2.yaml",
    "/Users/koki/workspace/mongene-v2/engine_core/tests/golden/math.g3_l31.graph_table/math.g3_l31.graph_table_lv2_seed3.yaml"
  ],
  "approval": "/Users/koki/workspace/mongene-v2/engine_core/tests/golden/math.g3_l31.graph_table/approval.yaml"
}
{
  "family": "math.g3_l32.calculation",
  "golden_dir": "/Users/koki/workspace/mongene-v2/engine_core/tests/golden/math.g3_l32.calculation",
  "written": [
    "/Users/koki/workspace/mongene-v2/engine_core/tests/golden/math.g3_l32.calculation/math.g3_l32.calculation_lv1_seed1.yaml",
    "/Users/koki/workspace/mongene-v2/engine_core/tests/golden/math.g3_l32.calculation/math.g3_l32.calculation_lv1_seed2.yaml",
    "/Users/koki/workspace/mongene-v2/engine_core/tests/golden/math.g3_l32.calculation/math.g3_l32.calculation_lv1_seed3.yaml"
  ],
  "approval": "/Users/koki/workspace/mongene-v2/engine_core/tests/golden/math.g3_l32.calculation/approval.yaml"
}
{
  "family": "math.g3_l46.knowledge",
  "golden_dir": "/Users/koki/workspace/mongene-v2/engine_core/tests/golden/math.g3_l46.knowledge",
  "written": [
    "/Users/koki/workspace/mongene-v2/engine_core/tests/golden/math.g3_l46.knowledge/math.g3_l46.knowledge_lv1_seed1.yaml",
    "/Users/koki/workspace/mongene-v2/engine_core/tests/golden/math.g3_l46.knowledge/math.g3_l46.knowledge_lv1_seed2.yaml",
    "/Users/koki/workspace/mongene-v2/engine_core/tests/golden/math.g3_l46.knowledge/math.g3_l46.knowledge_lv1_seed3.yaml"
  ],
  "approval": "/Users/koki/workspace/mongene-v2/engine_core/tests/golden/math.g3_l46.knowledge/approval.yaml"
}
{
  "family": "math.g3_l47.find_value",
  "golden_dir": "/Users/koki/workspace/mongene-v2/engine_core/tests/golden/math.g3_l47.find_value",
  "written": [
    "/Users/koki/workspace/mongene-v2/engine_core/tests/golden/math.g3_l47.find_value/math.g3_l47.find_value_lv1_seed1.yaml",
    "/Users/koki/workspace/mongene-v2/engine_core/tests/golden/math.g3_l47.find_value/math.g3_l47.find_value_lv1_seed2.yaml",
    "/Users/koki/workspace/mongene-v2/engine_core/tests/golden/math.g3_l47.find_value/math.g3_l47.find_value_lv1_seed3.yaml",
    "/Users/koki/workspace/mongene-v2/engine_core/tests/golden/math.g3_l47.find_value/math.g3_l47.find_value_lv3_seed1.yaml",
    "/Users/koki/workspace/mongene-v2/engine_core/tests/golden/math.g3_l47.find_value/math.g3_l47.find_value_lv3_seed2.yaml",
    "/Users/koki/workspace/mongene-v2/engine_core/tests/golden/math.g3_l47.find_value/math.g3_l47.find_value_lv3_seed3.yaml"
  ],
  "approval": "/Users/koki/workspace/mongene-v2/engine_core/tests/golden/math.g3_l47.find_value/approval.yaml"
}
{
  "family": "math.g3_l47.knowledge",
  "golden_dir": "/Users/koki/workspace/mongene-v2/engine_core/tests/golden/math.g3_l47.knowledge",
  "written": [
    "/Users/koki/workspace/mongene-v2/engine_core/tests/golden/math.g3_l47.knowledge/math.g3_l47.knowledge_lv1_seed1.yaml",
    "/Users/koki/workspace/mongene-v2/engine_core/tests/golden/math.g3_l47.knowledge/math.g3_l47.knowledge_lv1_seed2.yaml",
    "/Users/koki/workspace/mongene-v2/engine_core/tests/golden/math.g3_l47.knowledge/math.g3_l47.knowledge_lv1_seed3.yaml"
  ],
  "approval": "/Users/koki/workspace/mongene-v2/engine_core/tests/golden/math.g3_l47.knowledge/approval.yaml"
}
{
  "family": "math.g3_l48.find_value",
  "golden_dir": "/Users/koki/workspace/mongene-v2/engine_core/tests/golden/math.g3_l48.find_value",
  "written": [
    "/Users/koki/workspace/mongene-v2/engine_core/tests/golden/math.g3_l48.find_value/math.g3_l48.find_value_lv2_seed1.yaml",
    "/Users/koki/workspace/mongene-v2/engine_core/tests/golden/math.g3_l48.find_value/math.g3_l48.find_value_lv2_seed2.yaml",
    "/Users/koki/workspace/mongene-v2/engine_core/tests/golden/math.g3_l48.find_value/math.g3_l48.find_value_lv2_seed3.yaml"
  ],
  "approval": "/Users/koki/workspace/mongene-v2/engine_core/tests/golden/math.g3_l48.find_value/approval.yaml"
}

{
  "family": "math.g3_l18.calculation",
  "golden_dir": "/Users/koki/workspace/mongene-v2/engine_core/tests/golden/math.g3_l18.calculation",
  "written": [
    "/Users/koki/workspace/mongene-v2/engine_core/tests/golden/math.g3_l18.calculation/math.g3_l18.calculation_lv1_seed1.yaml",
    "/Users/koki/workspace/mongene-v2/engine_core/tests/golden/math.g3_l18.calculation/math.g3_l18.calculation_lv1_seed2.yaml",
    "/Users/koki/workspace/mongene-v2/engine_core/tests/golden/math.g3_l18.calculation/math.g3_l18.calculation_lv1_seed3.yaml",
    "/Users/koki/workspace/mongene-v2/engine_core/tests/golden/math.g3_l18.calculation/math.g3_l18.calculation_lv2_seed1.yaml",
    "/Users/koki/workspace/mongene-v2/engine_core/tests/golden/math.g3_l18.calculation/math.g3_l18.calculation_lv2_seed2.yaml",
    "/Users/koki/workspace/mongene-v2/engine_core/tests/golden/math.g3_l18.calculation/math.g3_l18.calculation_lv2_seed3.yaml"
  ],
  "approval": "/Users/koki/workspace/mongene-v2/engine_core/tests/golden/math.g3_l18.calculation/approval.yaml"
}
{
  "family": "math.g3_l38.word_problem",
  "golden_dir": "/Users/koki/workspace/mongene-v2/engine_core/tests/golden/math.g3_l38.word_problem",
  "written": [
    "/Users/koki/workspace/mongene-v2/engine_core/tests/golden/math.g3_l38.word_problem/math.g3_l38.word_problem_lv3_seed1.yaml",
    "/Users/koki/workspace/mongene-v2/engine_core/tests/golden/math.g3_l38.word_problem/math.g3_l38.word_problem_lv3_seed2.yaml",
    "/Users/koki/workspace/mongene-v2/engine_core/tests/golden/math.g3_l38.word_problem/math.g3_l38.word_problem_lv3_seed3.yaml",
    "/Users/koki/workspace/mongene-v2/engine_core/tests/golden/math.g3_l38.word_problem/math.g3_l38.word_problem_lv4_seed1.yaml",
    "/Users/koki/workspace/mongene-v2/engine_core/tests/golden/math.g3_l38.word_problem/math.g3_l38.word_problem_lv4_seed2.yaml",
    "/Users/koki/workspace/mongene-v2/engine_core/tests/golden/math.g3_l38.word_problem/math.g3_l38.word_problem_lv4_seed3.yaml"
  ],
  "approval": "/Users/koki/workspace/mongene-v2/engine_core/tests/golden/math.g3_l38.word_problem/approval.yaml"
}
{
  "family": "math.g3_l39.find_value",
  "golden_dir": "/Users/koki/workspace/mongene-v2/engine_core/tests/golden/math.g3_l39.find_value",
  "written": [
    "/Users/koki/workspace/mongene-v2/engine_core/tests/golden/math.g3_l39.find_value/math.g3_l39.find_value_lv2_seed1.yaml",
    "/Users/koki/workspace/mongene-v2/engine_core/tests/golden/math.g3_l39.find_value/math.g3_l39.find_value_lv2_seed2.yaml",
    "/Users/koki/workspace/mongene-v2/engine_core/tests/golden/math.g3_l39.find_value/math.g3_l39.find_value_lv2_seed3.yaml"
  ],
  "approval": "/Users/koki/workspace/mongene-v2/engine_core/tests/golden/math.g3_l39.find_value/approval.yaml"
}
{
  "family": "math.g3_l39.knowledge",
  "golden_dir": "/Users/koki/workspace/mongene-v2/engine_core/tests/golden/math.g3_l39.knowledge",
  "written": [
    "/Users/koki/workspace/mongene-v2/engine_core/tests/golden/math.g3_l39.knowledge/math.g3_l39.knowledge_lv1_seed1.yaml",
    "/Users/koki/workspace/mongene-v2/engine_core/tests/golden/math.g3_l39.knowledge/math.g3_l39.knowledge_lv1_seed2.yaml",
    "/Users/koki/workspace/mongene-v2/engine_core/tests/golden/math.g3_l39.knowledge/math.g3_l39.knowledge_lv1_seed3.yaml",
    "/Users/koki/workspace/mongene-v2/engine_core/tests/golden/math.g3_l39.knowledge/math.g3_l39.knowledge_lv2_seed1.yaml",
    "/Users/koki/workspace/mongene-v2/engine_core/tests/golden/math.g3_l39.knowledge/math.g3_l39.knowledge_lv2_seed2.yaml",
    "/Users/koki/workspace/mongene-v2/engine_core/tests/golden/math.g3_l39.knowledge/math.g3_l39.knowledge_lv2_seed3.yaml"
  ],
  "approval": "/Users/koki/workspace/mongene-v2/engine_core/tests/golden/math.g3_l39.knowledge/approval.yaml"
}
{
  "family": "math.g3_l4.calculation",
  "golden_dir": "/Users/koki/workspace/mongene-v2/engine_core/tests/golden/math.g3_l4.calculation",
  "written": [
    "/Users/koki/workspace/mongene-v2/engine_core/tests/golden/math.g3_l4.calculation/math.g3_l4.calculation_lv1_seed1.yaml",
    "/Users/koki/workspace/mongene-v2/engine_core/tests/golden/math.g3_l4.calculation/math.g3_l4.calculation_lv1_seed2.yaml",
    "/Users/koki/workspace/mongene-v2/engine_core/tests/golden/math.g3_l4.calculation/math.g3_l4.calculation_lv1_seed3.yaml",
    "/Users/koki/workspace/mongene-v2/engine_core/tests/golden/math.g3_l4.calculation/math.g3_l4.calculation_lv2_seed1.yaml",
    "/Users/koki/workspace/mongene-v2/engine_core/tests/golden/math.g3_l4.calculation/math.g3_l4.calculation_lv2_seed2.yaml",
    "/Users/koki/workspace/mongene-v2/engine_core/tests/golden/math.g3_l4.calculation/math.g3_l4.calculation_lv2_seed3.yaml"
  ],
  "approval": "/Users/koki/workspace/mongene-v2/engine_core/tests/golden/math.g3_l4.calculation/approval.yaml"
}
{
  "family": "math.g3_l50.knowledge",
  "golden_dir": "/Users/koki/workspace/mongene-v2/engine_core/tests/golden/math.g3_l50.knowledge",
  "written": [
    "/Users/koki/workspace/mongene-v2/engine_core/tests/golden/math.g3_l50.knowledge/math.g3_l50.knowledge_lv1_seed1.yaml",
    "/Users/koki/workspace/mongene-v2/engine_core/tests/golden/math.g3_l50.knowledge/math.g3_l50.knowledge_lv1_seed2.yaml",
    "/Users/koki/workspace/mongene-v2/engine_core/tests/golden/math.g3_l50.knowledge/math.g3_l50.knowledge_lv1_seed3.yaml"
  ],
  "approval": "/Users/koki/workspace/mongene-v2/engine_core/tests/golden/math.g3_l50.knowledge/approval.yaml"
}
{
  "family": "math.g3_l51.find_value",
  "golden_dir": "/Users/koki/workspace/mongene-v2/engine_core/tests/golden/math.g3_l51.find_value",
  "written": [
    "/Users/koki/workspace/mongene-v2/engine_core/tests/golden/math.g3_l51.find_value/math.g3_l51.find_value_lv1_seed1.yaml",
    "/Users/koki/workspace/mongene-v2/engine_core/tests/golden/math.g3_l51.find_value/math.g3_l51.find_value_lv1_seed2.yaml",
    "/Users/koki/workspace/mongene-v2/engine_core/tests/golden/math.g3_l51.find_value/math.g3_l51.find_value_lv1_seed3.yaml"
  ],
  "approval": "/Users/koki/workspace/mongene-v2/engine_core/tests/golden/math.g3_l51.find_value/approval.yaml"
}
{
  "family": "math.g3_l51.knowledge",
  "golden_dir": "/Users/koki/workspace/mongene-v2/engine_core/tests/golden/math.g3_l51.knowledge",
  "written": [
    "/Users/koki/workspace/mongene-v2/engine_core/tests/golden/math.g3_l51.knowledge/math.g3_l51.knowledge_lv1_seed1.yaml",
    "/Users/koki/workspace/mongene-v2/engine_core/tests/golden/math.g3_l51.knowledge/math.g3_l51.knowledge_lv1_seed2.yaml",
    "/Users/koki/workspace/mongene-v2/engine_core/tests/golden/math.g3_l51.knowledge/math.g3_l51.knowledge_lv1_seed3.yaml",
    "/Users/koki/workspace/mongene-v2/engine_core/tests/golden/math.g3_l51.knowledge/math.g3_l51.knowledge_lv2_seed1.yaml",
    "/Users/koki/workspace/mongene-v2/engine_core/tests/golden/math.g3_l51.knowledge/math.g3_l51.knowledge_lv2_seed2.yaml",
    "/Users/koki/workspace/mongene-v2/engine_core/tests/golden/math.g3_l51.knowledge/math.g3_l51.knowledge_lv2_seed3.yaml"
  ],
  "approval": "/Users/koki/workspace/mongene-v2/engine_core/tests/golden/math.g3_l51.knowledge/approval.yaml"
}
{
  "family": "math.g3_l52.find_value",
  "golden_dir": "/Users/koki/workspace/mongene-v2/engine_core/tests/golden/math.g3_l52.find_value",
  "written": [
    "/Users/koki/workspace/mongene-v2/engine_core/tests/golden/math.g3_l52.find_value/math.g3_l52.find_value_lv2_seed1.yaml",
    "/Users/koki/workspace/mongene-v2/engine_core/tests/golden/math.g3_l52.find_value/math.g3_l52.find_value_lv2_seed2.yaml",
    "/Users/koki/workspace/mongene-v2/engine_core/tests/golden/math.g3_l52.find_value/math.g3_l52.find_value_lv2_seed3.yaml"
  ],
  "approval": "/Users/koki/workspace/mongene-v2/engine_core/tests/golden/math.g3_l52.find_value/approval.yaml"
}


{
  "family": "math.g3_l59.knowledge",
  "golden_dir": "/Users/koki/workspace/mongene-v2/engine_core/tests/golden/math.g3_l59.knowledge",
  "written": [
    "/Users/koki/workspace/mongene-v2/engine_core/tests/golden/math.g3_l59.knowledge/math.g3_l59.knowledge_lv1_seed1.yaml",
    "/Users/koki/workspace/mongene-v2/engine_core/tests/golden/math.g3_l59.knowledge/math.g3_l59.knowledge_lv1_seed2.yaml",
    "/Users/koki/workspace/mongene-v2/engine_core/tests/golden/math.g3_l59.knowledge/math.g3_l59.knowledge_lv1_seed3.yaml"
  ],
  "approval": "/Users/koki/workspace/mongene-v2/engine_core/tests/golden/math.g3_l59.knowledge/approval.yaml"
}

{
  "family": "math.g3_l60.calculation",
  "golden_dir": "/Users/koki/workspace/mongene-v2/engine_core/tests/golden/math.g3_l60.calculation",
  "written": [
    "/Users/koki/workspace/mongene-v2/engine_core/tests/golden/math.g3_l60.calculation/math.g3_l60.calculation_lv2_seed1.yaml",
    "/Users/koki/workspace/mongene-v2/engine_core/tests/golden/math.g3_l60.calculation/math.g3_l60.calculation_lv2_seed2.yaml",
    "/Users/koki/workspace/mongene-v2/engine_core/tests/golden/math.g3_l60.calculation/math.g3_l60.calculation_lv2_seed3.yaml"
  ],
  "approval": "/Users/koki/workspace/mongene-v2/engine_core/tests/golden/math.g3_l60.calculation/approval.yaml"
}
{
  "family": "math.g3_l60.word_problem",
  "golden_dir": "/Users/koki/workspace/mongene-v2/engine_core/tests/golden/math.g3_l60.word_problem",
  "written": [
    "/Users/koki/workspace/mongene-v2/engine_core/tests/golden/math.g3_l60.word_problem/math.g3_l60.word_problem_lv3_seed1.yaml",
    "/Users/koki/workspace/mongene-v2/engine_core/tests/golden/math.g3_l60.word_problem/math.g3_l60.word_problem_lv3_seed2.yaml",
    "/Users/koki/workspace/mongene-v2/engine_core/tests/golden/math.g3_l60.word_problem/math.g3_l60.word_problem_lv3_seed3.yaml",
    "/Users/koki/workspace/mongene-v2/engine_core/tests/golden/math.g3_l60.word_problem/math.g3_l60.word_problem_lv4_seed1.yaml",
    "/Users/koki/workspace/mongene-v2/engine_core/tests/golden/math.g3_l60.word_problem/math.g3_l60.word_problem_lv4_seed2.yaml",
    "/Users/koki/workspace/mongene-v2/engine_core/tests/golden/math.g3_l60.word_problem/math.g3_l60.word_problem_lv4_seed3.yaml"
  ],
  "approval": "/Users/koki/workspace/mongene-v2/engine_core/tests/golden/math.g3_l60.word_problem/approval.yaml"
}

{
  "family": "math.g3_l56.word_problem",
  "golden_dir": "/Users/koki/workspace/mongene-v2/engine_core/tests/golden/math.g3_l56.word_problem",
  "written": [
    "/Users/koki/workspace/mongene-v2/engine_core/tests/golden/math.g3_l56.word_problem/math.g3_l56.word_problem_lv3_seed1.yaml",
    "/Users/koki/workspace/mongene-v2/engine_core/tests/golden/math.g3_l56.word_problem/math.g3_l56.word_problem_lv3_seed2.yaml",
    "/Users/koki/workspace/mongene-v2/engine_core/tests/golden/math.g3_l56.word_problem/math.g3_l56.word_problem_lv3_seed3.yaml",
    "/Users/koki/workspace/mongene-v2/engine_core/tests/golden/math.g3_l56.word_problem/math.g3_l56.word_problem_lv4_seed1.yaml",
    "/Users/koki/workspace/mongene-v2/engine_core/tests/golden/math.g3_l56.word_problem/math.g3_l56.word_problem_lv4_seed2.yaml",
    "/Users/koki/workspace/mongene-v2/engine_core/tests/golden/math.g3_l56.word_problem/math.g3_l56.word_problem_lv4_seed3.yaml"
  ],
  "approval": "/Users/koki/workspace/mongene-v2/engine_core/tests/golden/math.g3_l56.word_problem/approval.yaml"
}

{
  "family": "math.g3_l7.knowledge",
  "golden_dir": "/Users/koki/workspace/mongene-v2/engine_core/tests/golden/math.g3_l7.knowledge",
  "written": [
    "/Users/koki/workspace/mongene-v2/engine_core/tests/golden/math.g3_l7.knowledge/math.g3_l7.knowledge_lv1_seed1.yaml",
    "/Users/koki/workspace/mongene-v2/engine_core/tests/golden/math.g3_l7.knowledge/math.g3_l7.knowledge_lv1_seed2.yaml",
    "/Users/koki/workspace/mongene-v2/engine_core/tests/golden/math.g3_l7.knowledge/math.g3_l7.knowledge_lv1_seed3.yaml"
  ],
  "approval": "/Users/koki/workspace/mongene-v2/engine_core/tests/golden/math.g3_l7.knowledge/approval.yaml"
}
{
  "family": "math.g3_l8.calculation",
  "golden_dir": "/Users/koki/workspace/mongene-v2/engine_core/tests/golden/math.g3_l8.calculation",
  "written": [
    "/Users/koki/workspace/mongene-v2/engine_core/tests/golden/math.g3_l8.calculation/math.g3_l8.calculation_lv1_seed1.yaml",
    "/Users/koki/workspace/mongene-v2/engine_core/tests/golden/math.g3_l8.calculation/math.g3_l8.calculation_lv1_seed2.yaml",
    "/Users/koki/workspace/mongene-v2/engine_core/tests/golden/math.g3_l8.calculation/math.g3_l8.calculation_lv1_seed3.yaml",
    "/Users/koki/workspace/mongene-v2/engine_core/tests/golden/math.g3_l8.calculation/math.g3_l8.calculation_lv2_seed1.yaml",
    "/Users/koki/workspace/mongene-v2/engine_core/tests/golden/math.g3_l8.calculation/math.g3_l8.calculation_lv2_seed2.yaml",
    "/Users/koki/workspace/mongene-v2/engine_core/tests/golden/math.g3_l8.calculation/math.g3_l8.calculation_lv2_seed3.yaml"
  ],
  "approval": "/Users/koki/workspace/mongene-v2/engine_core/tests/golden/math.g3_l8.calculation/approval.yaml"
}
{
  "family": "math.g3_l9.calculation",
  "golden_dir": "/Users/koki/workspace/mongene-v2/engine_core/tests/golden/math.g3_l9.calculation",
  "written": [
    "/Users/koki/workspace/mongene-v2/engine_core/tests/golden/math.g3_l9.calculation/math.g3_l9.calculation_lv1_seed1.yaml",
    "/Users/koki/workspace/mongene-v2/engine_core/tests/golden/math.g3_l9.calculation/math.g3_l9.calculation_lv1_seed2.yaml",
    "/Users/koki/workspace/mongene-v2/engine_core/tests/golden/math.g3_l9.calculation/math.g3_l9.calculation_lv1_seed3.yaml"
  ],
  "approval": "/Users/koki/workspace/mongene-v2/engine_core/tests/golden/math.g3_l9.calculation/approval.yaml"
}
=== approve done (280 family / 失敗 0) ===
